/*
SQLyog Ultimate v13.1.1 (64 bit)
MySQL - 10.4.21-MariaDB : Database - distribuidora_mayorista
*********************************************************************
*/

/*!40101 SET NAMES utf8 */;

/*!40101 SET SQL_MODE=''*/;

/*!40014 SET @OLD_UNIQUE_CHECKS=@@UNIQUE_CHECKS, UNIQUE_CHECKS=0 */;
/*!40014 SET @OLD_FOREIGN_KEY_CHECKS=@@FOREIGN_KEY_CHECKS, FOREIGN_KEY_CHECKS=0 */;
/*!40101 SET @OLD_SQL_MODE=@@SQL_MODE, SQL_MODE='NO_AUTO_VALUE_ON_ZERO' */;
/*!40111 SET @OLD_SQL_NOTES=@@SQL_NOTES, SQL_NOTES=0 */;
CREATE DATABASE /*!32312 IF NOT EXISTS*/`distribuidora_mayorista` /*!40100 DEFAULT CHARACTER SET utf8 */;

USE `distribuidora_mayorista`;

/*Table structure for table `ciudad_sucursal` */

DROP TABLE IF EXISTS `ciudad_sucursal`;

CREATE TABLE `ciudad_sucursal` (
  `id_ciudad_sucursal` int(11) NOT NULL AUTO_INCREMENT,
  `id_departamento` int(11) NOT NULL,
  `descripcion` varchar(500) NOT NULL,
  PRIMARY KEY (`id_ciudad_sucursal`),
  KEY `id_departamento` (`id_departamento`),
  CONSTRAINT `ciudad_sucursal_ibfk_1` FOREIGN KEY (`id_departamento`) REFERENCES `departamentos` (`id_departamento`)
) ENGINE=InnoDB AUTO_INCREMENT=101 DEFAULT CHARSET=utf8;

/*Data for the table `ciudad_sucursal` */

insert  into `ciudad_sucursal`(`id_ciudad_sucursal`,`id_departamento`,`descripcion`) values 
(1,1,'InstaClothes.'),
(2,2,'Lighthouse Clothes.'),
(3,3,'Panty Village. '),
(4,4,'Exquisite Panty. '),
(5,5,'Camisetas Jump. '),
(6,6,'Camisetas OnTarget.'),
(7,7,'Impresionar Camisetas. '),
(8,8,'Cinnamom Overdressed. '),
(9,9,'Gafas New Vision. '),
(10,10,'Bolsos Tándem. '),
(11,11,'Karma HD Nets. '),
(12,12,'AllAccess Tarjetas Gráficas.'),
(13,13,'Ordenadores HOP. '),
(14,14,'Namaste Hardware. '),
(15,15,'Hardware Signals.'),
(16,16,'Visual Monitores. '),
(17,17,'Periféricos Bajo Demanda. '),
(18,18,'Informática VIP. '),
(19,19,'Informática Tutor. '),
(20,20,'Eco Informática. '),
(21,33,'TopRank Watches. '),
(22,34,'GoldRush Watches. '),
(23,35,'Joyería Icono. '),
(24,36,'Reino Joyería. '),
(25,37,'Joyería Estrella de Oro. '),
(26,38,'Bisutería Perla. '),
(27,39,'Comparar Bisutería. '),
(28,40,'Relojes Zafiro.'),
(29,41,'Pulseras Kaboom. '),
(30,42,'Pulseras Élite. '),
(31,43,'Frutas RedZone. '),
(32,59,'Frutas de Proximidad. '),
(33,60,'Frutería Marietta. '),
(34,61,'Masterpiece Fruits. '),
(35,62,'The Kingdom of the Vegan. '),
(36,63,'Vegetables and Greens. '),
(37,64,'Alta Carnicería. '),
(38,65,'A la Vista Vinos. '),
(39,66,'Café Smarter. '),
(40,67,'Licores Legendario. '),
(41,68,'UpFront Book Store. '),
(42,69,'Librería Scoop. '),
(43,70,'Vértigo Book Store. '),
(44,71,'Papelería Anfitrión. '),
(45,72,'Librería Nación. '),
(46,61,'Libros de Magia para Niños. '),
(47,62,'Narnia. '),
(48,63,'Ínsula Barataria. '),
(49,64,'La Patria de Papel. '),
(50,65,'Ebooks No Limits. '),
(51,66,'Krunchy-Krunchy. '),
(52,67,'Pethungry. '),
(53,68,'LifeStyle Dogs. '),
(54,69,'Weekly Dog. '),
(55,70,'Pet Hipermercado. '),
(56,71,'Cats Marketplace. '),
(57,72,'Tienda de Perros Nextday. '),
(58,73,'Pet Estudio. '),
(59,74,'ToysForDogs. '),
(60,75,'Dog Food Culture. '),
(61,76,'Yes We Fitness. '),
(62,77,'Fitness Active. '),
(63,78,'Inno Deportes. '),
(64,79,'Millennials Bikes. '),
(65,80,'NewLife Fitness. '),
(66,81,'InOut Fitness.'),
(67,18,'Deportes Flecha. '),
(68,19,'GreenLife Bikes. '),
(69,20,'Skate Paradise. '),
(70,21,'Surf Matcher. '),
(71,22,'Coches Magento. '),
(72,23,'Visioncar. '),
(73,24,'Urban Cars. '),
(74,25,'Recambios Carrera. '),
(75,26,'Automóviles A Todo Gas. '),
(76,27,'Top Racing Cars.'),
(77,28,'Recambios Last Minute. '),
(78,29,'Repuestos Genius. '),
(79,30,'Piezas de Coche Al Detalle. '),
(80,31,'Todo Terrenos a Go-Go. '),
(81,32,'House Solutions. '),
(82,33,'Provencal House. '),
(83,143,'Pisos & Chalets. '),
(84,144,'Home Gallery. '),
(85,145,'Decoración de Jardín. '),
(86,146,'Brico DIY. '),
(87,147,'La Casa de Campo Online. '),
(88,148,'Debla. '),
(89,149,'Thai Furnitures.'),
(90,150,'Tododecoradores.'),
(91,151,'Electrodomésticos Paraíso. '),
(92,152,'Neveras y Lavavajillas. '),
(93,153,'Todo Para Tu Cocina. '),
(94,154,'Televisores Turbo. '),
(95,155,'Planet Media. '),
(96,156,'Refrigerators Front Row. '),
(97,157,'ElectroStocks. '),
(98,158,'Funny Gadgets. '),
(99,159,'HallMark. '),
(100,160,'Electrodomésticos TopShop. ');

/*Table structure for table `cliente` */

DROP TABLE IF EXISTS `cliente`;

CREATE TABLE `cliente` (
  `id_cliente` int(11) NOT NULL AUTO_INCREMENT,
  `id_tipo_identificacion` int(11) NOT NULL,
  `primer_nombre` varchar(50) NOT NULL,
  `segundo_nombre` varchar(50) DEFAULT NULL,
  `primer_apellido` varchar(50) NOT NULL,
  `segundo_apellido` varchar(50) DEFAULT NULL,
  `numero_contacto_principal` varchar(50) NOT NULL,
  `numero_identificacion` varchar(50) NOT NULL,
  PRIMARY KEY (`id_cliente`),
  KEY `id_tipo_identificacion` (`id_tipo_identificacion`),
  CONSTRAINT `cliente_ibfk_1` FOREIGN KEY (`id_tipo_identificacion`) REFERENCES `tipo_identificacion` (`id_tipo_identificacion`)
) ENGINE=InnoDB AUTO_INCREMENT=1001 DEFAULT CHARSET=utf8;

/*Data for the table `cliente` */

insert  into `cliente`(`id_cliente`,`id_tipo_identificacion`,`primer_nombre`,`segundo_nombre`,`primer_apellido`,`segundo_apellido`,`numero_contacto_principal`,`numero_identificacion`) values 
(1,2,'Mead','Finley','Shipley','Yukhnev','12602349804.0','3379295.0'),
(2,2,'Nickolas','Les','Girardy','Ebdin','9785645860.0','645071349.0'),
(3,2,'Emogene','Curry','Mortlock','Fishenden','14439132913.0','803638225.0'),
(4,1,'Reinold','Benedicto','Rayner','Adamiak','12531422644.0','172102552.0'),
(5,2,'Fields','Audy','Yakuntzov','Pescott','19283907581.0','713041802.0'),
(6,1,'Hamil','Kalie','Benoiton','Clearie','15604673491.0','945551079.0'),
(7,2,'Kellie','Trev','Edgeon','Dinneges','13685266499.0','745529929.0'),
(8,1,'Claudine','Field','Creak','Steers','3745704704.0','606266564.0'),
(9,1,'Andrea','Mabelle','Letessier','Goodbourn','20474107659.0','198139561.0'),
(10,1,'Cybill','Nikaniki','Cathersides','Beazleigh','24649749620.0','332454151.0'),
(11,1,'Dorie','Ailis','Hazeldene','Balog','20094719915.0','101548661.0'),
(12,1,'Charo','Audre','Castellet','Beeching','19190188775.0','921614766.0'),
(13,2,'Kimbell','Chelsea','Bubeer','Bartos','23623079024.0','571444102.0'),
(14,2,'Sukey','Sheeree','Dikes','Jagiela','29294666348.0','598140007.0'),
(15,2,'Gabrila','Haroun','Franzotto','Alenin','3710155598.0','814914558.0'),
(16,2,'Noni','Vittorio','Fosse','Trumper','2677986659.0','105777442.0'),
(17,2,'Sheela','Vinson','Stillman','Ansett','31484335279.0','260004711.0'),
(18,2,'Karolina','Julita','Boom','Devin','9395677522.0','13554684.0'),
(19,1,'Demetris','Garrott','Reeves','Bennitt','26779752098.0','966211135.0'),
(20,2,'Marthe','Almeta','Wield','Hofner','18790325148.0','985165903.0'),
(21,2,'Kimball','Rosabel','Peel','Old','16913690216.0','928309406.0'),
(22,2,'Gail','Carolynn','Akitt','Wyndham','13006901226.0','50937661.0'),
(23,1,'Belia','Afton','Kybird','Ridgewell','26064516117.0','628402306.0'),
(24,2,'Adrienne','Jennette','Spradbery','Milley','3691376260.0','854297737.0'),
(25,1,'Jeannine','Sayers','Veryan','Oret','1691347444.0','818505501.0'),
(26,2,'Nap','Adi','Domleo','Thunderman','14940388945.0','529516988.0'),
(27,1,'Kellen','Ralph','Shevlane','Bassilashvili','24812055430.0','397674444.0'),
(28,1,'Margarette','Toddie','Guislin','Winnard','5246650141.0','541502084.0'),
(29,1,'Elberta','Hayward','Swetman','Frangione','29462311421.0','22818647.0'),
(30,1,'Angelo','Gusella','Bickmore','Greated','17683950655.0','896091624.0'),
(31,1,'Grant','Melody','Leighton','Blaschek','25714927390.0','122815474.0'),
(32,2,'Mona','Shepard','Schriren','Rousell','29760113826.0','23102131.0'),
(33,1,'Ilsa','Alyosha','Mate','Burness','22099844121.0','936199012.0'),
(34,1,'Perry','Irma','Michelet','Trevna','25281006830.0','465622736.0'),
(35,1,'Aymer','Dedra','Turvie','Klass','29917383731.0','398742394.0'),
(36,2,'Lilia','Jose','Duckitt','Goldthorp','29665550963.0','252035455.0'),
(37,1,'Cairistiona','Ahmad','Brookz','Veillard','2420752892.0','179507928.0'),
(38,2,'Spike','Gwynne','Pettwood','Hulles','30543118542.0','913211939.0'),
(39,2,'Konstantin','Giustino','Jentin','Ricart','18544623124.0','221967187.0'),
(40,2,'Timothee','Candra','Benedikt','Lordon','1897286029.0','766101393.0'),
(41,1,'Inness','Normand','Mebs','Grieger','21306808562.0','936501542.0'),
(42,2,'Minetta','Beverie','Deverell','Jakab','13345368853.0','85896099.0'),
(43,1,'Ardra','Marmaduke','Febvre','Croasdale','3248030185.0','47270433.0'),
(44,2,'Jannel','Darb','Greiser','Troker','7277686426.0','461882881.0'),
(45,2,'Anstice','Matty','Cornels','Cheevers','17169481209.0','692148097.0'),
(46,2,'Cilka','Timofei','Belverstone','Hardisty','3759584798.0','233897830.0'),
(47,1,'Gannon','Neville','Mathew','Walentynowicz','15683803143.0','450230504.0'),
(48,1,'Kellsie','Town','Fifoot','Romanski','5775305546.0','673274177.0'),
(49,2,'Cassey','Joellen','Alexsandrev','Gerant','2267644183.0','269085337.0'),
(50,1,'Linn','Hilarius','Gorke','Binder','30689956519.0','438181145.0'),
(51,2,'Valerye','Damian','Morsley','Ogley','10511650665.0','889821008.0'),
(52,1,'Prescott','Eba','Frantsev','Corbally','13818586585.0','310380270.0'),
(53,2,'Boigie','Bertine','Wybern','Fagence','16949451313.0','620458142.0'),
(54,2,'Dory','Tate','Bottrill','Nourse','16410775908.0','247055161.0'),
(55,2,'Shandeigh','Maurits','Pimblotte','Hibling','27068757722.0','204014793.0'),
(56,2,'Arlette','Sheridan','Ghidelli','Grewcock','23955878049.0','325571676.0'),
(57,1,'Sigrid','Peder','Pettman','Dunster','15400814567.0','143198056.0'),
(58,1,'Chad','Shermy','Tanton','Westrope','29946224271.0','150891968.0'),
(59,1,'Onfre','Adah','Roos','Robilart','14307763371.0','623908109.0'),
(60,1,'Quintin','Jenilee','Leavens','Stokey','20968663242.0','206862108.0'),
(61,2,'Jocelyne','Kata','Bottomore','Jirek','15858950244.0','912597263.0'),
(62,2,'Augusto','Jeno','Coughan','Kinchley','25646967997.0','70105115.0'),
(63,1,'Virge','Arlette','Vezey','Braybrooks','12346362920.0','811144134.0'),
(64,1,'Amitie','Milty','Scamp','De Bruijn','17323506871.0','843062984.0'),
(65,1,'Masha','Dillon','Pietrowski','Giacomazzo','9138303637.0','50138740.0'),
(66,2,'Datha','Silvia','Glew','Reeds','16380540561.0','389137954.0'),
(67,1,'Katee','Darlene','Thurner','Kreutzer','13651225829.0','282440230.0'),
(68,2,'Rikki','Julina','Critzen','Bobasch','17645101036.0','716724536.0'),
(69,2,'Kirby','Stephenie','MacManus','Fealty','24404459216.0','995369593.0'),
(70,1,'Deloris','Rowan','Etchells','Galloway','14626451206.0','681425474.0'),
(71,1,'Godfree','Hobard','Bertomieu','Canas','11919728282.0','2670636.0'),
(72,1,'Sonny','Hettie','Luckey','Attkins','19657424555.0','190281977.0'),
(73,1,'Vladamir','Wenda','Drewet','Bonefant','28455867623.0','887293687.0'),
(74,2,'Junia','Zacherie','Candey','Haggas','31914814706.0','166425862.0'),
(75,2,'Maxy','Catharine','Burness','Pyford','29776263101.0','563968718.0'),
(76,1,'Alexandros','Doralynn','Stihl','Cufflin','20481585482.0','610437929.0'),
(77,2,'Starr','Daren','Murison','Whorlton','2334951899.0','54555996.0'),
(78,2,'Vickie','Antons','Lemoir','Vallis','26370769221.0','148448209.0'),
(79,2,'Staffard','Debor','Dingsdale','Skillen','272688053.0','464093300.0'),
(80,2,'Eunice','Sven','Greenley','Breinl','17776170955.0','877602110.0'),
(81,2,'Calv','Cyrille','Ashe','Welsh','30797836498.0','408514561.0'),
(82,1,'Missie','Glennie','Pacheco','Daniell','12659149060.0','400354375.0'),
(83,1,'Aleksandr','Doloritas','Joul','Fairbrother','18761012574.0','542600507.0'),
(84,2,'Tanitansy','Odey','Skivington','Wolland','5897998978.0','58598419.0'),
(85,1,'Margarete','Egbert','Medmore','Spowart','24026233364.0','100129973.0'),
(86,2,'Bradford','Reginald','Cadge','Yanson','13732300529.0','59298502.0'),
(87,2,'Trixie','Vicky','Betteridge','Geeraert','7965989370.0','1003299452.0'),
(88,1,'Prince','Carmina','Kauschke','Enrich','16622957924.0','988406404.0'),
(89,1,'Karee','Mallorie','Embra','Aisman','13408870176.0','747043090.0'),
(90,2,'Angela','Conchita','Beagrie','Garron','29341667826.0','6027313.0'),
(91,1,'Ardyth','Renaldo','Reast','Sutherington','25438919229.0','67551880.0'),
(92,1,'Woodrow','Selle','Killingworth','Thomassen','29867026950.0','625552309.0'),
(93,2,'Johannes','Marika','MacLeese','Pikett','28122660367.0','850050223.0'),
(94,1,'Domenico','Tressa','Scullard','Rushmer','8482905159.0','811828001.0'),
(95,2,'Portia','Rafaela','Dohms','Langhorne','13825339195.0','614180203.0'),
(96,2,'Rubia','Basile','Heinsius','D\'Ambrosi','3326927892.0','167124735.0'),
(97,2,'Felicia','Krishnah','Torr','Ewebank','5845542200.0','588859390.0'),
(98,2,'Fae','Port','Ell','Orans','22572004124.0','267163980.0'),
(99,1,'Romonda','Theressa','Leary','Berkowitz','31051379938.0','425914720.0'),
(100,2,'Dulce','Sheffie','Mackro','Stowe','30049679708.0','43143594.0'),
(101,2,'Omero','Drud','Caslett','Heap','14954482879.0','603577075.0'),
(102,1,'Redd','Dorelle','Goode','Streatfield','30239097244.0','313194559.0'),
(103,1,'Charlean','Simona','Vevers','Tutin','15617150980.0','7420231.0'),
(104,1,'Billy','Emory','Catchpole','Traynor','4105036117.0','910128812.0'),
(105,2,'Berti','Rose','Mummery','Ridpath','15745132669.0','136782367.0'),
(106,2,'Bathsheba','Marketa','Wrathall','Fidock','17678630349.0','229149822.0'),
(107,1,'Mohammed','Donia','Capenor','Pillinger','13659110519.0','744588403.0'),
(108,1,'Codie','Barry','Hubbuck','Vinsen','3658794742.0','1004622294.0'),
(109,2,'Roscoe','Morley','MacRorie','Palomba','4745653694.0','254211726.0'),
(110,1,'Goraud','Quill','Leabeater','Gage','20866324666.0','833716813.0'),
(111,1,'Gavrielle','Donall','Swynfen','Hubert','10981206325.0','778332261.0'),
(112,1,'Phyllis','Cyrillus','Sperry','Bunton','2564437300.0','128001473.0'),
(113,2,'Sibby','Bidget','Minnette','Biddlestone','29956753220.0','326468188.0'),
(114,1,'Carolyn','Lawry','Whaley','Cockshott','26411572743.0','1006052710.0'),
(115,1,'Abigael','Nelli','Harsent','Iannetti','1208291323.0','440295295.0'),
(116,2,'Mariellen','Raychel','Gale','MacIlurick','18542354139.0','38771720.0'),
(117,2,'Alain','Leonie','Fullegar','Guyot','4449054483.0','11163452.0'),
(118,1,'Mordecai','Selma','Kupke','Heineke','288903097.0','258797179.0'),
(119,2,'Gaspard','Victoria','Wynrehame','Morten','16448119903.0','836150128.0'),
(120,1,'Dicky','Cathlene','Topes','Hellin','27227275472.0','183102620.0'),
(121,1,'Fannie','Lavena','Aartsen','Heinert','21187061699.0','120457664.0'),
(122,1,'Irvine','Sonny','Curneen','Brooksby','30840315846.0','362217464.0'),
(123,1,'Jacquelin','Hinda','Sandars','McAster','20982211046.0','311675958.0'),
(124,1,'Melisa','Brion','Wagstaffe','Winton','15077077580.0','55884626.0'),
(125,2,'Lauren','Beryle','Cregan','Houten','26793604024.0','242505863.0'),
(126,2,'Roanna','Moishe','Yarnley','Moreing','1420050135.0','904825114.0'),
(127,1,'Simmonds','Ermin','Kyd','Pentelo','21417322468.0','958651386.0'),
(128,2,'Ellie','Murray','Pennazzi','Esseby','20415493546.0','65412181.0'),
(129,2,'Pierrette','Adria','Trowsdale','Ibberson','31469294410.0','910131672.0'),
(130,2,'Sigismondo','Mitzi','Chad','Sollars','11545952669.0','494757723.0'),
(131,1,'Xylina','Bronson','Ambroziak','Flaunders','2020103490.0','135392183.0'),
(132,1,'Mortimer','Cheston','Pollie','Suttle','29353498156.0','279307204.0'),
(133,2,'Cort','Lisha','Hauger','MacKilroe','7020915463.0','219581254.0'),
(134,1,'Rory','Andras','Falkous','Brunicke','17035822741.0','84304453.0'),
(135,1,'Randie','Damara','Mocker','MacGlory','30084659674.0','181200196.0'),
(136,2,'Andriette','Georgianne','Cleeton','Groven','25617389221.0','139482353.0'),
(137,2,'Philippa','Merrielle','Londing','Gilman','4493216761.0','722522337.0'),
(138,2,'Betti','Morry','Corby','Damiral','4294089543.0','720196454.0'),
(139,2,'Xaviera','Sadie','Gluyus','Kerne','3068388961.0','483767292.0'),
(140,2,'Loren','Evvie','Justis','Brodbin','12676602478.0','621049756.0'),
(141,1,'Douglas','Fonsie','Crus','Lantuff','30299963957.0','560671216.0'),
(142,2,'Kiel','Nara','Prendergrass','Gosson','16610069146.0','367917295.0'),
(143,2,'Fredelia','Abner','Dewsbury','Vesque','29560407482.0','283743758.0'),
(144,1,'Pietro','Binni','Wessell','Rizzello','27800913433.0','40957628.0'),
(145,1,'Kevin','Michelle','Eddis','Swindon','9597253024.0','710632241.0'),
(146,1,'Brendin','Billy','Faircliffe','Lowry','30359020165.0','146405426.0'),
(147,2,'Nolly','Bobbie','Bagworth','Pye','9985523875.0','717016240.0'),
(148,2,'Gayel','Shaughn','Reardon','Brotherhead','10765061144.0','854795519.0'),
(149,1,'Andres','Berte','Dyster','Digle','11336018134.0','240730841.0'),
(150,1,'Evelin','Berty','Marsham','Dubose','8486451638.0','846668283.0'),
(151,2,'Merry','Woody','Seel','Care','13245809396.0','617290147.0'),
(152,2,'Ailee','Bennie','Insley','Ipplett','17966319604.0','232850153.0'),
(153,1,'Jerrome','Nickie','Favela','Dooler','29256784959.0','680818467.0'),
(154,1,'Cassie','Emmaline','Kennard','Sawbridge','14719511327.0','601847277.0'),
(155,2,'Winthrop','Alvira','Marcinkus','Gravatt','7079850348.0','909685957.0'),
(156,2,'Morena','Waldemar','Shanks','Rival','20063822069.0','271647126.0'),
(157,1,'Bryn','Arlen','Gowing','Lapish','31748731299.0','223856825.0'),
(158,1,'Jock','Harlin','Heinreich','Presswell','761034767.0','141261117.0'),
(159,2,'Feodora','Ikey','Iskow','Faircliff','701470547.0','79439747.0'),
(160,2,'Brigham','Mattie','Eccott','Ciccone','4049119039.0','138200071.0'),
(161,2,'Wallis','Appolonia','Krout','Jiricka','10445026606.0','877409062.0'),
(162,1,'Corinne','Amandi','Weinberg','Gunderson','4826259294.0','127588659.0'),
(163,2,'Benedikta','Julee','Eaddy','Jakucewicz','17628711212.0','398458763.0'),
(164,2,'Corinna','Saunders','Jerok','Boddington','20368312458.0','667757584.0'),
(165,1,'Lark','Simonne','Newburn','Staveley','24152854403.0','595183554.0'),
(166,2,'Jermain','Bree','Brimman','Harfoot','27114651206.0','738134874.0'),
(167,1,'Joelly','Lebbie','Tewkesberrie','Dorre','27148752068.0','854218304.0'),
(168,1,'Elke','Cassius','Potapczuk','Postlewhite','13068077264.0','101765401.0'),
(169,2,'Leigha','Fidelia','Reinhart','Beamiss','30999858158.0','127002366.0'),
(170,2,'Aubree','Nico','Chapling','Hudd','12101743796.0','354065139.0'),
(171,1,'Carroll','Allx','Jagiela','McJury','3997472027.0','840112333.0'),
(172,1,'Derk','Mel','Simecek','Streader','16717927371.0','377723157.0'),
(173,1,'Philly','Eugenia','Barz','Bethune','28221250349.0','466463061.0'),
(174,2,'Margarethe','Joyce','Buller','Inston','9591228361.0','1003127537.0'),
(175,1,'Nancie','Dorice','MacMenemy','Snowden','25248674423.0','975175158.0'),
(176,2,'Wang','Valene','Zincke','Symper','27801353834.0','123830450.0'),
(177,2,'Lonny','Wally','Alty','Havercroft','12442878115.0','815883168.0'),
(178,2,'Alexa','Ella','Iveson','Wingeatt','24541194815.0','807006381.0'),
(179,1,'Lacie','Bucky','Dix','Faires','6303239162.0','285229437.0'),
(180,2,'Olva','Isabelita','Daymont','Dymock','24582490428.0','738526428.0'),
(181,2,'Maggi','Randall','Bradmore','Vigar','9854751396.0','560138924.0'),
(182,2,'Kris','Jorge','Di Francesco','Greetland','30357544609.0','378107291.0'),
(183,1,'Lars','Rowan','Draysey','Wardroper','11365469858.0','127377322.0'),
(184,2,'Quinton','Kelly','Samber','Chiswell','7836233012.0','260096241.0'),
(185,2,'Nollie','Theo','De Roberto','Pask','29976660009.0','398210905.0'),
(186,1,'Sosanna','Bibbye','Kittoe','Swaffer','27308672414.0','170662344.0'),
(187,2,'Jere','Tressa','Baitman','Sealey','12335466902.0','726986610.0'),
(188,2,'Delila','Normie','Needs','Stuttman','23552459094.0','913126378.0'),
(189,2,'Michaela','Jessi','Pesterfield','Guerri','25936457958.0','635264388.0'),
(190,2,'Kerr','Marcus','Prydden','Rosen','22694011617.0','230671424.0'),
(191,2,'Addia','Lynn','Mullan','Snasdell','13435492585.0','184269632.0'),
(192,2,'Corliss','Taber','Gingedale','Ciubutaro','9200652415.0','953213505.0'),
(193,1,'Aleksandr','Pembroke','Snowman','Terzi','20869990945.0','500021146.0'),
(194,2,'Elva','Jennifer','Tym','Readie','24043487159.0','88173012.0'),
(195,1,'Janean','Ailey','Farrens','Aggett','6838922867.0','672642226.0'),
(196,2,'Rozella','Jackquelin','Ivanchin','Prantl','30711682509.0','869094341.0'),
(197,1,'Aryn','Tatum','Stoppard','Nuschke','8243983178.0','825407068.0'),
(198,1,'Marcos','Dionisio','Easton','Sollime','3911753269.0','659384752.0'),
(199,2,'Kahlil','Rosy','Varga','Eliesco','31525274045.0','267766497.0'),
(200,1,'Shawn','Otha','Dormand','Fancutt','22298510986.0','247595194.0'),
(201,1,'Bette-ann','Amandi','Turland','Scandrick','11991070500.0','37457617.0'),
(202,1,'Forrester','Ann','Bastable','Kneale','15280944163.0','333118405.0'),
(203,2,'Borden','Kermie','Peteri','Schule','6172760672.0','441994273.0'),
(204,2,'Byrle','Rheba','Mattedi','Brogini','3296184008.0','351200456.0'),
(205,2,'Germaine','Nicki','Gaw','Lackner','7891021197.0','653312979.0'),
(206,2,'Stesha','Meriel','Fussen','Aland','21185448466.0','750121052.0'),
(207,1,'Maisey','Krishna','Corona','Clancey','13762184096.0','835478432.0'),
(208,1,'Debby','Tori','Liversage','Winspear','9486949859.0','436250578.0'),
(209,2,'Yuri','Gloria','Meake','Cavaney','31517723596.0','838484957.0'),
(210,1,'Lorena','Cristiano','Blazewski','Smiths','26933919728.0','433754926.0'),
(211,1,'Misty','Wendi','Kirsche','Boykett','1113926053.0','819606184.0'),
(212,2,'Hillel','Smitty','Duchateau','Mandeville','22259457274.0','605002002.0'),
(213,1,'Gaile','Frederich','Herkess','Kennsley','18165287953.0','639028228.0'),
(214,2,'Dolf','Kelley','Reach','Blackden','7207990434.0','174194946.0'),
(215,1,'Thaddeus','Tamas','Towndrow','Spriggin','14661395050.0','453613877.0'),
(216,1,'Amara','Sarah','Raithmill','MacAnellye','28037259830.0','199686918.0'),
(217,2,'Elvira','Kizzee','Nanninini','Budgett','20925642452.0','447383888.0'),
(218,2,'Ewart','Chere','Pourveer','Kuhlen','896947313.0','308197381.0'),
(219,1,'Gnni','Dex','Piggen','Scarbarrow','19735557187.0','739363704.0'),
(220,1,'Barbey','Cristabel','Warsop','Hadaway','25697460425.0','91432587.0'),
(221,2,'Phyllys','Colleen','Allewell','Schettini','17786169170.0','284361916.0'),
(222,2,'Cybill','Iver','Helversen','Edison','13361214194.0','819421331.0'),
(223,1,'Amii','Jada','O\'Harney','Kopfer','14707333594.0','79402795.0'),
(224,2,'Marybeth','Dagmar','Dietzler','Hue','2532037058.0','408550841.0'),
(225,2,'Alysia','Westbrook','Renshell','Elham','16000768822.0','594698348.0'),
(226,1,'Torrie','Cristie','Rihanek','Gomme','22252349182.0','931342635.0'),
(227,1,'Eldin','Bren','Yeardsley','Ambage','29655413965.0','503320891.0'),
(228,1,'Maighdiln','Irina','Clandillon','Clewlow','13916928144.0','204318607.0'),
(229,2,'Jazmin','Ruddie','Palia','Halstead','17902171036.0','591609224.0'),
(230,1,'Kaine','Bernard','Leiden','Northidge','12423073498.0','976860800.0'),
(231,2,'Sayres','Danice','Rosenbaum','Mosson','10268226847.0','74335374.0'),
(232,1,'Guillema','Collie','Aldam','Silverthorn','12966814863.0','423055287.0'),
(233,2,'Benni','Shanda','Martinovic','Esilmon','6641118099.0','71814743.0'),
(234,2,'Gabi','Abrahan','Landis','Hartburn','28838042631.0','515149639.0'),
(235,2,'Kenneth','Monroe','Teather','Ghelardi','5642212989.0','204262089.0'),
(236,1,'Dallas','Jerrold','Vice','Stuehmeier','8826586859.0','767643083.0'),
(237,1,'Merna','Dolph','Liles','Dods','2731502966.0','990755141.0'),
(238,2,'Suzanne','Lesli','Rounce','Scase','30748767699.0','216240084.0'),
(239,2,'Zerk','Maxy','Kimble','Filppetti','11133216731.0','552207504.0'),
(240,1,'Drake','Kaleena','Wallicker','Hails','7563698818.0','975934858.0'),
(241,1,'Brennan','Curt','Pencost','Thomelin','28637298234.0','326922208.0'),
(242,2,'Brett','Keven','Eake','Ravenscraft','22030289462.0','782754918.0'),
(243,1,'Blythe','Reggie','Elen','Bente','6679983449.0','164750624.0'),
(244,2,'Tresa','Ryley','Gorvin','O\'Nions','22755012162.0','377734486.0'),
(245,1,'Prent','Gale','Fowler','Jansema','25650846427.0','223525545.0'),
(246,1,'Giraldo','Sergei','Mathieu','Govey','24751205324.0','343595558.0'),
(247,2,'Antonina','Gaultiero','O\'Drought','Timby','7528489802.0','10950296.0'),
(248,2,'Livy','Antonius','Wrankling','FitzGeorge','19146762355.0','677063987.0'),
(249,1,'Jonell','Gipsy','Insko','Trevino','539292557.0','943888723.0'),
(250,1,'Fields','Kip','Stitch','Munn','16481655464.0','970070283.0'),
(251,2,'Kelli','Aryn','Wiltshaw','Skerm','3377795122.0','949104706.0'),
(252,1,'Crichton','Eryn','Freathy','Pine','25427059410.0','426692968.0'),
(253,2,'Leonidas','Aretha','Tilio','McRobb','8163752777.0','777680443.0'),
(254,2,'Alyosha','Juliette','Dendon','Vivash','26801846752.0','951051327.0'),
(255,1,'Aubrie','Jarad','Choake','Lavington','524131682.0','950944590.0'),
(256,1,'Angeline','Mike','Franceschelli','Bollom','12567756612.0','426747138.0'),
(257,1,'Hesther','Cchaddie','Bilsborrow','Mazin','5652219911.0','754701826.0'),
(258,1,'Aldwin','Brock','Rope','Cheesworth','26755230787.0','462280284.0'),
(259,1,'Brenna','Consuela','Ottery','Meale','16150731115.0','560235507.0'),
(260,2,'Devlin','Federica','Runnicles','Kedie','28301948814.0','968000833.0'),
(261,1,'Nealon','Melody','Cowpe','McWilliam','20246872523.0','590230450.0'),
(262,2,'Cara','Mathew','Braisby','Batchelor','12071199347.0','302821865.0'),
(263,1,'Christa','Cori','Collelton','Orkney','30384571478.0','973767224.0'),
(264,2,'Bessy','Dory','Freeborne','Moyse','14551156854.0','809036138.0'),
(265,2,'Prince','Nichol','Katz','Rudgard','18326190708.0','216834648.0'),
(266,1,'Pail','Gae','Curdell','Marty','24483466515.0','747832027.0'),
(267,1,'Mattie','Ronnica','Mylan','Dries','13635409227.0','879226037.0'),
(268,2,'Marissa','Terrell','Belcher','Bucksey','4506406874.0','324062563.0'),
(269,1,'Alastair','Gordan','Greschke','Agnolo','30661914571.0','690561924.0'),
(270,1,'Barbara','Dmitri','Coupman','Sebring','1852586749.0','469140137.0'),
(271,2,'Billie','Doti','Starkey','Guwer','30003211671.0','321714111.0'),
(272,1,'Harriet','Grove','Rosas','Szantho','26789141126.0','935367617.0'),
(273,1,'Eleen','Elsi','Mead','De Micoli','22701916560.0','732541642.0'),
(274,2,'Moe','Filmore','Duthie','Basden','2721426080.0','40611053.0'),
(275,2,'Rudie','Ryann','Skoyles','Ward','27236589258.0','768247394.0'),
(276,1,'Roch','Alfie','Ivashkin','Hanton','9168727481.0','641072640.0'),
(277,1,'Sissy','Jyoti','Bimrose','Powley','1154283965.0','43489234.0'),
(278,2,'Cissy','Sanford','Andress','Turmall','13556031168.0','183729478.0'),
(279,2,'Emery','Swen','Leguey','Glandon','28509192208.0','433694320.0'),
(280,1,'Tris','Pablo','Dudson','Wolfer','30034225055.0','456622315.0'),
(281,1,'Fields','Rodolphe','Dyott','Cock','15127742927.0','483900729.0'),
(282,1,'Omar','Alex','D\'Agostino','Creffield','616953465.0','600011490.0'),
(283,2,'Uriah','Keene','Blondin','McQuode','25900212073.0','382067176.0'),
(284,1,'Virgie','Kit','Breydin','Jerschke','1598578758.0','774161317.0'),
(285,2,'Axe','Sandra','Otley','Dowling','31900714029.0','927106601.0'),
(286,1,'Danice','Mylo','Bartosinski','Norwich','16020685194.0','845888478.0'),
(287,2,'Sidney','Allyson','Kenaway','Locket','10041211019.0','528112817.0'),
(288,1,'Holly','Gaylord','Gumley','Malinson','2203243792.0','329210265.0'),
(289,1,'Leo','Walther','Laguerre','Clapshaw','16897516359.0','306621523.0'),
(290,2,'Gay','Corri','Sinton','Rigts','27283672657.0','34278599.0'),
(291,2,'Esdras','Morse','Parrett','Dank','31363087004.0','423574009.0'),
(292,1,'Kay','Pepito','Mouat','Fitzroy','30426563293.0','261156857.0'),
(293,2,'Jacquetta','Simone','Purviss','Ivins','31238913907.0','22643929.0'),
(294,1,'Cheston','Helaine','Foord','Arnott','27978114294.0','753039331.0'),
(295,2,'Barbabra','Kacey','Brabban','Ubee','7561063643.0','483686778.0'),
(296,2,'Trudey','Frayda','Cathee','Eydel','29286611272.0','367272637.0'),
(297,2,'Frazer','Roman','Pittway','Hatrick','2089640233.0','74679272.0'),
(298,1,'Ibrahim','Bettina','Hingeley','Paxforde','11154221319.0','759995388.0'),
(299,2,'Silvano','Frasquito','Derrell','Ivanaev','8966331533.0','525629354.0'),
(300,2,'Ilyse','Karissa','Orrett','Lennarde','5586392221.0','24455645.0'),
(301,2,'Denney','Gaby','Dowall','Sandbach','13672565647.0','121980166.0'),
(302,2,'Elise','Twila','Pawson','Domelaw','19224005482.0','182408749.0'),
(303,1,'Alwyn','Rosalinda','Pedycan','Faussett','27991453974.0','514044494.0'),
(304,2,'Clarissa','Paton','Betteriss','Studart','3854203437.0','490590471.0'),
(305,1,'Aundrea','Ilyssa','Geke','Haggarth','29513100339.0','582043166.0'),
(306,2,'Brita','Barton','Shefton','Fain','31209937483.0','382540733.0'),
(307,1,'Ginnifer','Merwyn','Loveard','Slimmon','30063507943.0','408382312.0'),
(308,1,'Winni','Madelaine','Gerger','Suche','15845070348.0','40693917.0'),
(309,2,'Washington','Devon','Pawellek','Breakwell','10306082069.0','195263931.0'),
(310,1,'Emma','Jorey','Gayler','Springford','18627306435.0','985495498.0'),
(311,1,'Sandro','Brnaby','Road','Ruckert','26579848790.0','161426600.0'),
(312,1,'Stevy','Kenton','Darque','Brownill','2428286659.0','487565737.0'),
(313,1,'Padraic','Lowe','Gosling','Tynan','3684262147.0','469162866.0'),
(314,2,'Darlleen','Jacquelynn','Pither','Saylor','15190206589.0','954924814.0'),
(315,1,'Pepita','Dukey','Drinnan','Sherry','15871299390.0','196284303.0'),
(316,2,'Julianne','Zena','Domelow','Van Weedenburg','29049896111.0','860027711.0'),
(317,2,'Corabelle','Marcelle','Beldham','Abramow','24311303819.0','158120598.0'),
(318,1,'Fern','Sol','Petren','Marnes','25820216049.0','416533504.0'),
(319,2,'Pammy','Zola','Hynd','Mc Mechan','30149192493.0','487584875.0'),
(320,2,'Beatrisa','Annabella','Deniskevich','Novelli','1969986814.0','762673240.0'),
(321,2,'Drugi','Stephanie','Vannet','Farthing','13718991399.0','619116204.0'),
(322,2,'Ariel','Angelina','Peterken','Chadband','2826032302.0','149688509.0'),
(323,2,'Bevan','Jody','Minter','Flemming','7656735358.0','1003997308.0'),
(324,1,'Kessiah','Ludvig','Biagioni','Espinel','47263194.0','495110677.0'),
(325,1,'Petey','Wit','Trosdall','Chsteney','21780890450.0','737053569.0'),
(326,1,'Dominica','Ynes','Chaffe','Hallaways','12727558759.0','133141699.0'),
(327,2,'Catharina','Richmound','Peggs','Brazier','24456911783.0','31586391.0'),
(328,1,'Ami','Stu','Craigs','Billo','3803059863.0','140023993.0'),
(329,1,'Shandee','Guntar','Degue','Coldrick','6367689953.0','445019493.0'),
(330,1,'Camella','Kristofor','Semrad','Monard','18590595021.0','85185838.0'),
(331,1,'Matteo','Maddi','O\'Rudden','Minshaw','6694617532.0','803012634.0'),
(332,1,'Roxana','Lorie','MacCall','Ryce','29726715168.0','977700888.0'),
(333,1,'Georgianna','Harper','Whetland','Cornelis','23265261504.0','513341552.0'),
(334,1,'Britte','Petr','Todari','Joseland','4183710017.0','2487207.0'),
(335,1,'Emanuel','Bertie','Scipsey','Heeron','19318630982.0','194907208.0'),
(336,2,'Bobbi','Hilary','Winfindale','Benkin','6633019360.0','63501562.0'),
(337,1,'Mike','Tome','Bownass','Leftwich','13570167673.0','923639461.0'),
(338,2,'Vinnie','Wilmette','Geale','Spofford','27927682350.0','913028349.0'),
(339,1,'Jonie','Filippa','MacLleese','Crosston','18017002470.0','161197276.0'),
(340,1,'Janeta','Erminie','Belcham','MacFie','6908526613.0','731483544.0'),
(341,1,'Debbie','Jarret','Ruggieri','Krolik','26975495146.0','550189559.0'),
(342,2,'Coreen','Osborn','Sutcliff','Ambrosoni','30636488404.0','812146687.0'),
(343,1,'Doti','Del','Crotch','Blackmuir','5044316225.0','312063506.0'),
(344,1,'Phyllys','Craig','Cromley','Bollum','14326581393.0','155681975.0'),
(345,2,'Sebastiano','Conni','Edson','Stocker','765506340.0','607798079.0'),
(346,2,'Hobey','Chauncey','Ashness','Becke','13154911997.0','232956563.0'),
(347,1,'Maddie','Meggy','Franceschi','East','12241784149.0','259179574.0'),
(348,2,'Hazlett','Tasia','Margetson','Hubber','24261018220.0','830934215.0'),
(349,2,'Annmarie','Doro','Wagstaff','Dyte','21083115544.0','647775699.0'),
(350,1,'Hanny','Bail','Rohlfing','Jaggers','7216322915.0','275797613.0'),
(351,1,'Trixie','Gussie','Eldon','Chislett','26888981351.0','987608719.0'),
(352,2,'Mick','Vonnie','Pawson','Malamore','25616176394.0','865690612.0'),
(353,2,'Ramsay','Ed','Abelov','Derricoat','128440794.0','307355084.0'),
(354,1,'Tessi','Shay','Woolfitt','de Glanville','9866572007.0','577439743.0'),
(355,2,'Vin','Candide','Plews','Lambdin','7121821314.0','821273459.0'),
(356,1,'Lesley','Johnette','Shovell','Gallico','30899747975.0','883538813.0'),
(357,1,'Valera','Aymer','Papachristophorou','Muro','27484752486.0','130205920.0'),
(358,1,'Stephana','Mitzi','Cockings','Groundwator','9276027758.0','187120532.0'),
(359,2,'Guy','Pietrek','Van','Creak','13215866658.0','364285030.0'),
(360,2,'Whitney','Abba','Atling','Annies','4716803152.0','820820533.0'),
(361,1,'Vinson','Hale','Cicchillo','Heinzel','2475327410.0','1004999778.0'),
(362,2,'Zorine','Ninnette','De la Eglise','Gregorio','8786228869.0','898595353.0'),
(363,1,'Jerrilyn','Ingmar','Killiam','Clacson','2135212605.0','773378887.0'),
(364,1,'Bernadette','Maris','Splain','Simanek','28300699378.0','973051479.0'),
(365,1,'Normy','Annadiane','Henrot','Tromans','23448722263.0','832420737.0'),
(366,1,'Arlin','Hanson','Slite','Ormistone','6906481722.0','546068550.0'),
(367,2,'Melodee','Leesa','Pelchat','Hazeup','9338396387.0','542061450.0'),
(368,2,'Garold','Paddie','Normanville','Cloonan','26408168804.0','893173436.0'),
(369,1,'Grange','Wally','Thomsen','Muckloe','15325502150.0','199548387.0'),
(370,2,'Normand','Judi','Carrack','Spiaggia','24105973726.0','458850834.0'),
(371,1,'Lonnie','Rodi','Juden','Stancer','23178979474.0','9174818.0'),
(372,1,'Alikee','Theodoric','Breckin','Culwen','13807006815.0','509300683.0'),
(373,1,'Alvis','Garv','Noke','Guilbert','5270132883.0','326579153.0'),
(374,2,'Darby','Jacynth','De Bruin','Kornacki','14226099296.0','643601681.0'),
(375,2,'Helene','Doralin','Copcote','Bracci','23142638212.0','9476580.0'),
(376,1,'Cathe','Shelton','Cawsby','Mahody','11626091973.0','831534500.0'),
(377,2,'Starlene','Janaye','Metzig','Glyn','4804718215.0','919371721.0'),
(378,2,'Maribeth','Kelsey','Croisier','Mesnard','12686482906.0','720323715.0'),
(379,2,'Dyna','Evie','Yablsley','Tackes','9380841185.0','786900559.0'),
(380,1,'Wendell','Sauncho','Baroche','Dockery','2599721100.0','715741467.0'),
(381,1,'Gennifer','Marget','Ranvoise','Magauran','7809895602.0','927740949.0'),
(382,2,'Bourke','Joleen','Grimsley','Tandy','28219256747.0','574275896.0'),
(383,1,'Ezri','Rollin','Glaserman','Ogles','19217561984.0','616265606.0'),
(384,2,'Armin','Alyson','Voas','Kasher','20439392638.0','23888934.0'),
(385,1,'Bary','Giavani','Tremellier','Ferrarini','7649143430.0','512695427.0'),
(386,2,'Abra','Fabio','Irlam','Bauduin','5061400391.0','286803125.0'),
(387,2,'Licha','Ewen','Woonton','Wall','4945941908.0','384705162.0'),
(388,2,'Gardener','Ursuline','Valsler','Hullin','2340442308.0','889933783.0'),
(389,1,'Melita','Nadya','Lackmann','Jaycock','2721006650.0','865565416.0'),
(390,2,'Ferris','Mercy','Lockwood','Westwater','2095080525.0','429527140.0'),
(391,2,'Rooney','Jerrine','Ramel','Denyakin','19969544859.0','513798114.0'),
(392,1,'Artemis','Rafaelita','Skerratt','Studders','31718728335.0','506626770.0'),
(393,2,'Pat','Terri','Danby','Somerfield','22314712948.0','763443847.0'),
(394,1,'Shelton','Winslow','Peart','Enos','16027872044.0','786186652.0'),
(395,1,'Zach','Kennett','Mustoe','Beards','2033557009.0','587961824.0'),
(396,2,'Angelika','Albrecht','Poolman','Polo','24084984983.0','720966712.0'),
(397,2,'Barr','Elna','Branno','Ropkins','8416178283.0','581525611.0'),
(398,2,'Susanne','Nikola','Kolis','Littlewood','22382808435.0','74564574.0'),
(399,1,'Benjamen','Gaby','Clineck','Lamburn','5832228446.0','156488157.0'),
(400,1,'Gaspar','Janith','Chin','Ough','22412205915.0','21700427.0'),
(401,1,'Bianka','Oralee','Ivakhin','Marchington','12948381175.0','979986751.0'),
(402,1,'Tate','Jeremie','Huguet','Petticrow','14603809524.0','430660091.0'),
(403,2,'Bellanca','Valentijn','Bambrough','Scollick','31453570725.0','318909443.0'),
(404,1,'Abelard','Myrna','Stell','Rikel','17431282650.0','407150698.0'),
(405,2,'Clerissa','Harman','Geistbeck','Gorse','30182020737.0','80822267.0'),
(406,1,'Lianna','Dot','Lowth','Belfrage','19867568440.0','448910717.0'),
(407,2,'Maurise','Katherine','Sillito','Priditt','28151039048.0','755940675.0'),
(408,2,'Marget','Babbette','Wileman','Benner','25571525754.0','876263248.0'),
(409,1,'Tabby','Sterne','Edge','O\'Shiels','20850776356.0','427900752.0'),
(410,1,'Gertruda','Emilio','Sykes','Stanwix','21619956472.0','866683066.0'),
(411,1,'Greer','Puff','Jindra','Skelington','10711533308.0','640003743.0'),
(412,2,'Philipa','Torrence','Cordingly','Hedderly','29984489392.0','5447916.0'),
(413,2,'Vanna','Abey','Gallagher','Moppett','7836205987.0','221986973.0'),
(414,1,'Tony','Ethe','Skayman','Birdsall','7822339.0','781462135.0'),
(415,1,'Lothaire','Lenette','Buttwell','Walkowski','25019633610.0','245389006.0'),
(416,2,'Alfi','Lane','Bedminster','Woehler','1874383774.0','384121950.0'),
(417,2,'Susan','Lee','Rahl','Loreit','12422197423.0','763007691.0'),
(418,2,'Ginnie','Romona','Bryer','Hastwell','14239247687.0','879747305.0'),
(419,2,'Caye','Brennan','Scrammage','Kivelle','14436169951.0','288247752.0'),
(420,1,'Daryn','Laurie','Burth','Malden','17659652066.0','500175099.0'),
(421,2,'Pincus','Clarice','Leppington','Columbell','20975995918.0','710780117.0'),
(422,1,'Ches','Jeanette','Ivushkin','Fiddeman','8318896345.0','463484781.0'),
(423,2,'Marcelle','Bruno','Verring','Shayler','5533828149.0','198099756.0'),
(424,2,'Robinet','Jeff','Cutcliffe','Faughey','8351671201.0','990667604.0'),
(425,2,'Luz','Randolph','Hawsby','Benedite','14067214410.0','746508220.0'),
(426,1,'Colly','Eleen','Laborda','Maskrey','20264462508.0','204976288.0'),
(427,1,'Trey','Barbe','Godsell','Fass','30767548872.0','927966180.0'),
(428,1,'Bertha','Clarisse','Yesinin','Beagen','31266635957.0','527730226.0'),
(429,2,'Raimund','Una','Bentke','Abrahamson','13373979728.0','693668293.0'),
(430,2,'Brod','Salome','Marjanovic','Reeds','1140041707.0','861638127.0'),
(431,1,'Louise','Madlin','Elan','Stelle','27842040898.0','584961281.0'),
(432,1,'Jamison','Vernen','Sand','Yarrell','3806654159.0','797654664.0'),
(433,2,'Darren','Dorie','McFater','Kisbee','21514210565.0','351710246.0'),
(434,2,'Emmy','Justen','Aslum','Renol','23922421343.0','180409252.0'),
(435,2,'Ophelie','Salmon','Ridde','Gebbe','27794662448.0','610163062.0'),
(436,1,'Rubia','Irv','Leopard','Domel','6937337595.0','729823303.0'),
(437,1,'Andrus','Abbot','Dmytryk','Dog','2177540052.0','828189933.0'),
(438,2,'Nevins','Aubree','Lelande','Cleiment','10871251280.0','981216503.0'),
(439,2,'Sheilah','Mack','Seniour','Earey','4106852636.0','807926213.0'),
(440,1,'Tildy','Bria','Algar','Kennion','7288444722.0','15699214.0'),
(441,2,'Alexine','Neall','Rettie','Kenneford','5461165125.0','693576099.0'),
(442,1,'Alyss','Melamie','Jandac','Newbury','12767030385.0','25381969.0'),
(443,2,'Ferdie','Malvina','Gligori','Corp','14022670733.0','314886412.0'),
(444,2,'Merrilee','Ebenezer','Carnachen','Strathearn','18422392154.0','460858351.0'),
(445,2,'Reidar','Irena','Andrew','Tomala','32039528237.0','59931209.0'),
(446,2,'Gaylord','Kele','Bruneton','Crosetti','8746179735.0','623360987.0'),
(447,1,'Georgetta','Alisa','Runge','Rockliffe','2993754597.0','987813465.0'),
(448,1,'Edgard','Steffane','Muscroft','Merrisson','5954109167.0','204250270.0'),
(449,2,'Doralia','Monroe','Lorden','Peever','8402663344.0','910744885.0'),
(450,2,'Mervin','Tawnya','Hillburn','Wethered','20814903248.0','559775813.0'),
(451,1,'Hatty','Knox','Longmate','Armin','2203916436.0','256890281.0'),
(452,1,'Gram','Adrian','Skyrme','Dobkin','14589005847.0','758616482.0'),
(453,1,'Fabien','Nealson','Lorain','Polleye','2575520591.0','887050462.0'),
(454,1,'Basile','Torrie','Kordovani','Fiennes','6403283136.0','993138647.0'),
(455,2,'Maude','Gabey','Burchatt','Swayne','26342992266.0','656249473.0'),
(456,1,'Liza','Sullivan','Flaonier','Yeowell','3111800012.0','352838269.0'),
(457,1,'Opalina','Lisette','Orrock','Romme','11700073190.0','519722819.0'),
(458,1,'Carina','Worth','Linggard','Wetherill','10841362631.0','264371036.0'),
(459,1,'Roarke','Isidoro','Reymers','Pharaoh','1641278845.0','281802150.0'),
(460,2,'Tiffie','Caryn','Dionisetto','Kirkbride','31310535299.0','988166925.0'),
(461,1,'Godwin','Elihu','Treherne','Parr','25988851273.0','104284927.0'),
(462,1,'Lori','Ollie','Treweek','Mathewson','7891169884.0','512156631.0'),
(463,1,'Reilly','David','Stemp','Blanshard','23480723988.0','930374422.0'),
(464,2,'Enrichetta','Morganica','Gladding','Chilley','1164262748.0','910232618.0'),
(465,2,'Earlie','Robin','O\'Doohaine','McPhilip','8765896880.0','516379819.0'),
(466,2,'Beaufort','Lucias','Stabler','Greenshiels','23397119719.0','528552920.0'),
(467,2,'Graig','Mike','Tippetts','Pinchen','15105916900.0','85113539.0'),
(468,1,'Joeann','Humfrid','Rangell','Tullett','21723095248.0','402201541.0'),
(469,1,'Stormie','Mirna','Gisbey','Ethridge','16889119940.0','799914747.0'),
(470,2,'Winifred','Yelena','Hounsham','MacCourt','3162450396.0','233069565.0'),
(471,1,'Barnard','Marnie','Semrad','Labrum','25289129172.0','778409087.0'),
(472,2,'Madelina','Viole','Grigoroni','Houston','30202226920.0','443737312.0'),
(473,1,'Manuel','Cully','Willeman','Birtwell','15854858986.0','772611935.0'),
(474,2,'Jeannette','Quillan','Tchaikovsky','Bouchard','866086153.0','988294794.0'),
(475,2,'Jaimie','Lira','Norcutt','McAvaddy','22747155503.0','740407875.0'),
(476,2,'Gregorio','Curr','Houndesome','Hefforde','28305917514.0','121233583.0'),
(477,1,'Vivie','Ambros','Cisneros','Sare','24842027096.0','809812453.0'),
(478,1,'Josiah','Cindelyn','Jillard','Grunnill','16802441402.0','557903030.0'),
(479,2,'Missy','Fritz','Mowsdell','Fibbitts','19322884410.0','50464923.0'),
(480,2,'Dionne','Enrichetta','Henmarsh','Biddlecombe','29238742658.0','125904066.0'),
(481,1,'Byram','Myrah','Henriques','Dimock','10756362172.0','744846209.0'),
(482,2,'Nev','Miran','Robion','Stych','4990552487.0','767057622.0'),
(483,1,'Matteo','Heath','Kalkhoven','Chesley','20589196847.0','370909594.0'),
(484,1,'Deerdre','Kelly','Brittles','Eborn','15985973304.0','229869170.0'),
(485,2,'Murvyn','Colver','Pitkin','Kornousek','6933752888.0','335258845.0'),
(486,2,'Billi','Phyllys','Bleby','Lening','1352320603.0','385120118.0'),
(487,1,'Renie','Sophronia','Venn','Click','15820031772.0','521491117.0'),
(488,2,'Kimberlyn','Lou','Gallear','Bailie','18977227628.0','19858756.0'),
(489,1,'Rickard','Renado','Goodliffe','Dayer','3503053634.0','823661156.0'),
(490,2,'Judie','Morna','Bytheway','Joubert','23502730969.0','880754257.0'),
(491,2,'Sharona','Burton','Boddice','Dover','30609161392.0','311896399.0'),
(492,2,'Sarah','Valma','Van Der Hoog','Tildesley','26678072773.0','845941896.0'),
(493,2,'Guthrie','Dex','McVanamy','Kelling','20088911183.0','312380515.0'),
(494,1,'Dalston','Geoffry','Lanmeid','Gini','12145831569.0','390354740.0'),
(495,1,'Krishna','Anastasia','Kibard','Sutliff','14657306347.0','973995982.0'),
(496,2,'Tobie','Erie','Brotherwood','Beldam','4576778352.0','261532926.0'),
(497,1,'Jordan','Bianca','Backe','O\'Corrin','29356594198.0','389784076.0'),
(498,1,'Betsey','Ely','Ashforth','Hardwicke','21706911597.0','443934039.0'),
(499,2,'Graham','Marleah','Cantos','Wenman','11063595988.0','168679749.0'),
(500,2,'Becki','Carin','Bernasek','Hanster','17777651696.0','78875972.0'),
(501,2,'Rosa','Rubi','Demangeon','McNamee','27487650207.0','508180640.0'),
(502,2,'Tomlin','Ignacio','Rubrow','Snowden','17184573847.0','39598860.0'),
(503,2,'Lila','Kassey','Uzzell','Allabarton','18333627966.0','195779646.0'),
(504,1,'Yettie','Lauraine','Geraldini','Howsan','3982649354.0','387438692.0'),
(505,1,'Philippe','Windy','Armin','Lidgard','5284218946.0','308328730.0'),
(506,2,'Earlie','Vivyan','Nockalls','Deverale','26114743939.0','954681918.0'),
(507,2,'Deidre','Roth','Matovic','Staveley','9477667769.0','86148586.0'),
(508,1,'Jacobo','Annalise','de Verson','Niblett','24437615886.0','913891627.0'),
(509,2,'Talia','Dotti','Braywood','Clericoates','18677610781.0','751471213.0'),
(510,1,'Darya','Richard','Cordeiro','Fison','10481026600.0','371819769.0'),
(511,1,'Danika','Katalin','Bather','Straffon','29905451138.0','123273984.0'),
(512,1,'Lucien','Arlina','Bonafacino','Sirett','554267742.0','776379461.0'),
(513,1,'Amii','Siouxie','Banstead','Blackwood','792448216.0','675002288.0'),
(514,2,'Hildegarde','Pete','Wiltshear','Gallen','13448495510.0','696350969.0'),
(515,2,'Diana','Moise','Friary','Lill','29347182355.0','655416147.0'),
(516,1,'Katuscha','Cary','Lembrick','Poulsum','27067146877.0','15995201.0'),
(517,2,'Garv','Edithe','Foley','Woodcroft','7762538725.0','922127572.0'),
(518,2,'Cherish','Matteo','Gutch','Kobisch','16058788211.0','752645117.0'),
(519,1,'Terence','Evelyn','Maddyson','Warry','19766979787.0','111841312.0'),
(520,2,'Derril','Bronnie','Belton','Mackley','27584823134.0','451093606.0'),
(521,2,'Tedmund','Elana','Dries','Glave','18085910492.0','294446072.0'),
(522,1,'Bettine','Cariotta','Dicky','Chittenden','24992872495.0','989841117.0'),
(523,2,'Caralie','Fabian','Woolfall','Laverack','24570049049.0','973344416.0'),
(524,2,'Amory','Guglielma','Mart','Winterscale','26421778328.0','162804725.0'),
(525,2,'Keven','Kristyn','Doyle','Biers','19842486610.0','957412645.0'),
(526,1,'Consolata','Alysa','Leel','Rance','16730918770.0','146612386.0'),
(527,2,'Tanney','Kelly','Dutteridge','Gittoes','17502404639.0','240769473.0'),
(528,1,'Rab','Dun','Blacktin','Bertram','890156570.0','866404263.0'),
(529,2,'Mallorie','Herby','Yerby','Persian','1572038568.0','539655019.0'),
(530,2,'Philippine','Genny','Jeaffreson','Janjic','22510859831.0','381720742.0'),
(531,1,'Kit','Willdon','Fragino','Leeb','15516233498.0','208816540.0'),
(532,1,'Karisa','Trudi','Lamborne','Caze','13173655707.0','514733785.0'),
(533,1,'Haze','Myrle','Males','Mellody','14346269437.0','683904168.0'),
(534,1,'Rhianna','Anallise','Gawn','Kemster','13990828923.0','530796856.0'),
(535,1,'Wilona','Toddy','Korfmann','Orvis','23382172935.0','483261152.0'),
(536,2,'Sonni','Beau','Bodimeade','Spellman','21984123627.0','445615406.0'),
(537,2,'Dick','Myrilla','Lawther','Robroe','4053197958.0','702977400.0'),
(538,1,'Celeste','Berny','Basnett','Shine','9466253367.0','991041164.0'),
(539,2,'Peterus','Nikita','Twiggins','Stollen','27068180071.0','480000956.0'),
(540,1,'Mariam','Caril','Grut','Imort','5621335615.0','830311184.0'),
(541,1,'Vanda','Chere','Rew','Turrill','22946102267.0','37105803.0'),
(542,1,'Sax','Inger','Sambles','Banner','30033547545.0','302203578.0'),
(543,1,'Shellysheldon','Zara','Van Arsdall','Van den Oord','11671540222.0','130373213.0'),
(544,2,'Leone','Anthea','Jerrom','Dorey','29791643377.0','309000333.0'),
(545,1,'Kordula','Winfield','Dawby','Fairhead','30176145378.0','21902844.0'),
(546,1,'Elsa','Constantine','Deakan','Coltart','18631333150.0','513066757.0'),
(547,2,'Rosanna','Karlen','Caine','Echallie','1425589505.0','239600525.0'),
(548,1,'Violetta','Monique','Charopen','Evert','14550522983.0','170842720.0'),
(549,1,'Felizio','Morten','Whittleton','Comber','23725475776.0','87856184.0'),
(550,2,'Dorree','Marlee','Da Costa','Krochmann','15548350591.0','78142793.0'),
(551,2,'Fitz','Nicholle','Dalinder','Sinnocke','2890677761.0','325006769.0'),
(552,2,'Garnette','Benson','MacKeogh','Iacovacci','17500559382.0','782541122.0'),
(553,1,'Romeo','Mitzi','Cadamy','Matusovsky','17334696286.0','107084882.0'),
(554,1,'Jacklyn','Anabel','Perel','Cakes','7996285045.0','780650824.0'),
(555,2,'Frances','Babita','Jerman','Bocke','15702659957.0','111677660.0'),
(556,1,'Erminia','Leroi','Jedrych','Dundon','26956870923.0','843916075.0'),
(557,2,'Saul','Loralee','Kardos-Stowe','Gaymar','13392053202.0','802150215.0'),
(558,2,'Wendell','Dagny','De Beauchemp','Crone','29679322564.0','458436354.0'),
(559,2,'Carita','Gwendolyn','Asquez','Wathan','9630383226.0','233036460.0'),
(560,1,'Jana','Broddy','Minguet','Fernant','27410788142.0','393211446.0'),
(561,2,'Isaak','Kaile','Kennerknecht','Hansemann','30192785895.0','372580161.0'),
(562,2,'Alfredo','Audie','Dolohunty','Gatch','5797625916.0','314360068.0'),
(563,1,'Davidson','Elwyn','Simo','Treadway','22374792506.0','256021780.0'),
(564,1,'Adolphus','Tiff','Hansberry','Cahalan','13517393347.0','473748071.0'),
(565,1,'Harwell','Meade','Boram','Cronin','16981589820.0','58896217.0'),
(566,1,'Delmore','Kalle','Kattenhorn','Chatburn','27727443253.0','306457258.0'),
(567,2,'Amberly','Shantee','Richarson','Izhaky','5031787389.0','358312992.0'),
(568,2,'Margaret','Calley','Batchelor','Dionsetti','14174897018.0','148738178.0'),
(569,2,'Bastien','Nissa','Karolovsky','Prenty','15981857865.0','81545962.0'),
(570,2,'Arielle','Rakel','Rawling','Coursor','1989517296.0','89162783.0'),
(571,2,'Yoko','Paige','Cutler','Mapholm','932864837.0','982742545.0'),
(572,1,'Redford','Thomasine','Freezor','Sabathe','736764469.0','919802772.0'),
(573,2,'Oralie','Velvet','Cargill','Samsin','17203305260.0','474324521.0'),
(574,2,'Crissie','Igor','Pavlik','Jagielski','9067519427.0','89236745.0'),
(575,2,'Kariotta','Donn','Deniskevich','Calbreath','19790199453.0','920370090.0'),
(576,2,'Ebenezer','Lauritz','Jancar','Foreman','26559865955.0','591004255.0'),
(577,2,'Elfie','Evelyn','D\'Elia','Dimelow','6350397020.0','339910544.0'),
(578,1,'Paloma','Windham','Dericot','Castane','23550167664.0','580532772.0'),
(579,1,'Krystyna','Delaney','Blissett','Lomasney','9222414960.0','74653299.0'),
(580,1,'Mariquilla','Freddy','Limpenny','Lardge','16244419455.0','788466418.0'),
(581,1,'Markus','Traver','Sturrock','Stansbie','2809194755.0','78044054.0'),
(582,1,'Meryl','Tallie','Shewon','Buffy','3912921056.0','141908757.0'),
(583,2,'Shena','Tully','Yorath','Bigby','10849226967.0','175777487.0'),
(584,2,'Garrett','Peder','Kuhne','Maccraw','28234832472.0','124799539.0'),
(585,1,'Phylis','Logan','Isacsson','Clyant','30515218735.0','733876319.0'),
(586,1,'Kitti','Nicky','Loughman','Lennox','771227182.0','870768629.0'),
(587,1,'Fanny','Moss','Trenoweth','Mell','14241975732.0','924655628.0'),
(588,2,'Georgianne','Rodolfo','Furbank','Beert','16920562585.0','726929431.0'),
(589,2,'Barclay','Eldridge','Whickman','Henighan','23912941924.0','910570065.0'),
(590,2,'Araldo','Dusty','Oldman','Leatham','15198793316.0','809305787.0'),
(591,1,'Hedi','Hansiain','Roon','Edrich','13778348012.0','708470027.0'),
(592,2,'Bondy','Juliane','MacNally','Clayden','10745123516.0','633631895.0'),
(593,2,'Glennis','Helsa','Halliberton','Littlejohn','10735806931.0','501277828.0'),
(594,1,'Ava','Loretta','Philbrook','Say','2368821518.0','459413566.0'),
(595,2,'Kirsteni','Emmeline','Cescotti','Richly','1390583244.0','892935281.0'),
(596,1,'Ashia','Sol','Callaway','Van Giffen','28856843914.0','953761566.0'),
(597,1,'Brandon','Sammy','Duchasteau','Meece','3425976146.0','732510704.0'),
(598,2,'Farah','Pearle','Bingle','Camidge','18973517984.0','994823834.0'),
(599,2,'Silvanus','Bernardina','Praundl','Garling','3389592291.0','111250199.0'),
(600,2,'Mady','Hyacinthe','Lum','Lepick','10705533843.0','440727436.0'),
(601,2,'Basil','Jackelyn','Poll','Stedell','25315768533.0','94488868.0'),
(602,1,'Codi','Erick','Panyer','Basnall','20028003419.0','129932978.0'),
(603,1,'Wolfie','Carroll','Rennox','Crozier','28196057510.0','365934018.0'),
(604,2,'Otis','Carmelle','Hrachovec','Dorney','8226160713.0','828550359.0'),
(605,2,'Carrie','Hiram','Fanthom','Jesse','23546317222.0','945151716.0'),
(606,2,'Chad','Malorie','Beavington','Newlan','26854582908.0','926723698.0'),
(607,2,'Bent','Griffin','Lampkin','Chittie','15248368152.0','619434967.0'),
(608,2,'Garvey','Hagan','Edmunds','Slayton','10964591713.0','455510317.0'),
(609,2,'Hannah','Had','Banister','Alldis','28243702034.0','323110874.0'),
(610,1,'Wye','Shelba','Kitchinham','Cordie','1035675557.0','228475314.0'),
(611,1,'Oliy','Georgiana','Bleier','Renbold','19138319983.0','110061882.0'),
(612,2,'Robb','Sol','Letcher','Edsall','30856709306.0','789239002.0'),
(613,1,'Sabra','Alexei','Colter','Towndrow','31841762749.0','837866424.0'),
(614,1,'Ned','Valene','Quilter','Yair','16558559601.0','494449738.0'),
(615,2,'Bayard','Paco','Bartke','Chadney','26575067696.0','636573963.0'),
(616,1,'Karena','Ellswerth','Dearl','Rubinowitz','29727416533.0','689073450.0'),
(617,1,'Alvira','Jeremias','Rosenauer','Leggate','17309705318.0','150597969.0'),
(618,1,'Benedetta','Devland','MacGhee','Pettigrew','12123364240.0','30833771.0'),
(619,2,'Roley','Mohammed','Goldie','Lyfield','14902398580.0','469945324.0'),
(620,2,'Giffard','Paulina','Gornal','Chapelhow','13955541789.0','764081803.0'),
(621,1,'Cahra','Alphonse','Tosdevin','McMenemy','17783863420.0','919277678.0'),
(622,1,'Carroll','Luigi','Penberthy','Moniker','28703541108.0','43600614.0'),
(623,2,'Nevins','Ernst','Copestick','Dominiak','2412257281.0','563068326.0'),
(624,1,'Wilden','Akim','Annable','Attenburrow','29419070997.0','654378818.0'),
(625,2,'Elane','Dodie','Canero','Dallicott','15968946299.0','981728623.0'),
(626,2,'Jessey','Nike','McClintock','Cleever','473889137.0','149939049.0'),
(627,1,'Sherrie','Jesse','Ridgewell','Fallowes','16114039790.0','765531275.0'),
(628,1,'Erwin','Raviv','Lewis','Dmytryk','30102268723.0','246256427.0'),
(629,1,'Mair','Chantalle','Toffanelli','Bourdas','13381251263.0','502801496.0'),
(630,2,'Gilbertine','Alberik','Fawbert','Crady','156830031.0','602131718.0'),
(631,2,'Missie','Melanie','Vearncombe','Janda','17709635914.0','691923327.0'),
(632,2,'Ethelred','Iolande','Cromblehome','Stockney','28268576849.0','402895803.0'),
(633,1,'Alfie','Aylmar','Stitson','Abrahim','621484305.0','355656039.0'),
(634,1,'Kelley','Norrie','Jedrych','Wharton','12981349950.0','498722268.0'),
(635,2,'Dwain','Cissy','Groombridge','Tampin','23197107718.0','880862593.0'),
(636,1,'Lorianne','Silas','Diggell','Taggert','19076467612.0','615949164.0'),
(637,2,'Chico','Quillan','Benditt','Bruntjen','5660985802.0','921483441.0'),
(638,2,'Luce','Johnathan','Lumbers','Brasse','27303016803.0','5437626.0'),
(639,2,'Melvyn','Zolly','Toppas','Adshead','21606336132.0','357995245.0'),
(640,1,'Darda','Agna','Allnatt','Markwell','29849413622.0','839146130.0'),
(641,2,'Tarrah','Janine','D\'Errico','Fairbank','15076427508.0','711428376.0'),
(642,1,'Margo','Alejandro','Dust','Bannester','12968323843.0','653254023.0'),
(643,1,'Dante','Smitty','Drysdell','Pearne','820191476.0','1097817.0'),
(644,2,'Joyan','Waiter','Reeman','Clamo','5450872317.0','623005531.0'),
(645,1,'Marcellus','My','Di Filippo','Dalliwatr','28299855241.0','913734325.0'),
(646,1,'Bettine','Xena','Tafani','Mayes','24888732028.0','449483708.0'),
(647,1,'Janek','Sharleen','Gisborne','Robins','27311874544.0','60362037.0'),
(648,1,'Joela','Noach','Nisbet','Broune','1624410192.0','941938033.0'),
(649,2,'Addy','Rhodie','Sirette','Daltry','10122891871.0','975909498.0'),
(650,2,'Odetta','Jamal','Brownsall','Gapper','17800906459.0','138602759.0'),
(651,1,'Mirabella','Kass','Poynter','Jowle','1496736614.0','932512529.0'),
(652,1,'Addia','Sasha','Brantzen','Leel','21198198561.0','688385000.0'),
(653,2,'Kelli','Donal','Veldens','Roderham','29559729281.0','265400958.0'),
(654,2,'Stephi','Olympe','Gerauld','Satterley','7050987437.0','500174928.0'),
(655,1,'Nerti','Leupold','Headan','Judson','24900058928.0','972508297.0'),
(656,1,'Fields','Stanislaw','Strowan','Denyagin','27068192260.0','549282758.0'),
(657,1,'Von','Leigh','Farncombe','Francois','4950187657.0','861284891.0'),
(658,1,'Fannie','Deanne','Gorke','Betton','24649579185.0','746807240.0'),
(659,1,'Janice','Teddie','Trimby','Daborn','1588874600.0','845509410.0'),
(660,2,'Saunderson','Gannon','Ingley','Clogg','3050439381.0','955961924.0'),
(661,2,'Laverna','Gretna','Stenner','Maharry','13369825293.0','823785190.0'),
(662,1,'Hanson','Imelda','Mosco','Heffron','29144743620.0','286805732.0'),
(663,2,'Tawsha','Ludovico','Sherborn','Oury','3646833229.0','394931097.0'),
(664,2,'Konstanze','Eveleen','Moffat','Oyley','10069958169.0','537261820.0'),
(665,1,'Kissiah','Herminia','Gerlts','Fechnie','15402391115.0','946916522.0'),
(666,1,'Marissa','Berthe','Torr','Quinton','17863451102.0','156029018.0'),
(667,2,'Leona','Shay','Haxby','Leggin','10640085360.0','722163482.0'),
(668,1,'Allyn','Bartolomeo','Sussams','Godbolt','2269380865.0','508519921.0'),
(669,2,'Teresa','Rudiger','Moran','Blizard','15524718063.0','722804808.0'),
(670,2,'Melantha','Laverne','Brackenridge','Crombie','11989836687.0','493821790.0'),
(671,1,'Diane-marie','Brit','Harryman','Milesop','7078755867.0','956995474.0'),
(672,2,'Donal','Geri','Karoly','Drewery','4668407473.0','247781365.0'),
(673,1,'Maritsa','Ahmad','Spieght','Phizackerly','7679419244.0','692685307.0'),
(674,1,'Harley','Christabella','Mangon','Squibbes','5604756946.0','685243402.0'),
(675,2,'Dorri','Myrtle','Voase','Reinert','10457485908.0','577558691.0'),
(676,1,'Katy','Pammy','Josselson','Varley','24554403890.0','960959091.0'),
(677,1,'Frayda','Wenona','Cluney','Madden','30814604725.0','845412644.0'),
(678,1,'Stevana','Jeanine','Ledbetter','Gosforth','649358103.0','472263855.0'),
(679,1,'Winn','Rabi','Covington','Hintze','3234975664.0','574724452.0'),
(680,2,'Sheila','Emmey','Durak','Netting','1482984195.0','691701643.0'),
(681,2,'Giralda','Lillian','Mechi','Giorio','28315967678.0','11320186.0'),
(682,1,'Dion','Erny','McCrachen','Kellaway','22563218633.0','157361187.0'),
(683,2,'Carina','Beverlee','Salmon','Drabble','10894325698.0','5513535.0'),
(684,1,'Kata','Dynah','Dict','Dolden','1015559780.0','715968924.0'),
(685,2,'Maura','Shane','Maloney','McCullum','3564963153.0','737537298.0'),
(686,1,'Emalee','Culver','Labarre','Lisciandri','31190150122.0','944205727.0'),
(687,1,'Ilyssa','Katina','Ealles','Thornton-Dewhirst','14522049677.0','612569217.0'),
(688,1,'Bridget','Kalila','Buckston','Toxell','10078248103.0','464247707.0'),
(689,1,'Winnie','Gunar','Gerrels','Breinlein','4753335387.0','135376773.0'),
(690,2,'Tomkin','Betti','Spours','Gabler','289568487.0','331808570.0'),
(691,1,'Leena','Windham','Lawrinson','Ealam','15617526617.0','278296888.0'),
(692,1,'Chery','Meridith','Assinder','Antonio','18450733445.0','387313778.0'),
(693,1,'Niccolo','Gabey','Flowitt','Keave','144730057.0','520129833.0'),
(694,1,'Holmes','Beryl','Ren','Braz','22665147836.0','561554080.0'),
(695,2,'Corine','Germain','Trowill','Ordish','11495170194.0','313238852.0'),
(696,1,'Cynthia','Barton','Kilminster','Rogans','18011937461.0','924737893.0'),
(697,1,'Corty','Aeriell','Yeldham','Perot','28488664459.0','253394080.0'),
(698,1,'Calv','Donna','Pickett','Jellard','22005519337.0','172472419.0'),
(699,1,'Nealy','Othelia','Bischoff','Damper','28837762838.0','472317122.0'),
(700,1,'Berry','Clint','Hansel','Landsbury','25861711286.0','145461416.0'),
(701,1,'Carmelle','Jarid','Iacobassi','Scranny','13090374677.0','937525402.0'),
(702,2,'Saxe','Henri','Adamek','Bulger','1924996329.0','881416880.0'),
(703,1,'Cecilla','Maison','Demkowicz','Burbury','15991246839.0','948733102.0'),
(704,1,'Alexia','Leroy','Styche','Bowland','30270763479.0','925719484.0'),
(705,2,'Hadley','Jewelle','Baudasso','Von Salzberg','26393035611.0','227157986.0'),
(706,1,'Conant','Johna','Mewes','Arthur','10249202702.0','115527066.0'),
(707,2,'Nancee','Hi','Wemes','Brickwood','11542429896.0','475828439.0'),
(708,1,'Haley','Arielle','Jewks','Watkiss','6133566754.0','923194302.0'),
(709,1,'Taryn','Worth','Coyish','Fitchell','9584277977.0','298076052.0'),
(710,1,'Fawnia','Philip','Flattman','Lithgow','28980872075.0','974983627.0'),
(711,2,'Leigha','Rachael','McGarahan','Whellans','20157695930.0','375117850.0'),
(712,2,'Raddy','Melinda','Heckner','Moukes','2615529530.0','602588204.0'),
(713,2,'Barby','Karissa','Pareman','Tongue','8290315009.0','76414122.0'),
(714,2,'Kinny','Roshelle','Trevaskus','Haccleton','20697674137.0','879137401.0'),
(715,1,'Abbey','Kirstyn','Dowthwaite','Goff','27248832635.0','674046929.0'),
(716,1,'Joellyn','George','Cattrell','Archanbault','12365439743.0','827186720.0'),
(717,1,'Lila','Niel','Cottingham','Gannaway','22550188278.0','742431906.0'),
(718,1,'Denys','Rhody','Reoch','Wittier','6522100729.0','616523609.0'),
(719,1,'Dede','Tracy','Grutchfield','Tailby','29612442757.0','133098867.0'),
(720,1,'Julissa','Bink','Vallery','Merle','26440777132.0','832317189.0'),
(721,1,'Ryon','Artemas','Blockey','Tattersall','30561610641.0','214809660.0'),
(722,2,'Daisey','Carce','Zorzini','Pherps','21168663003.0','16612516.0'),
(723,2,'Patty','Geno','Robyns','Rohmer','7312810338.0','355056700.0'),
(724,2,'Petrina','Alfi','Arlow','Sirette','26257327199.0','198027462.0'),
(725,1,'Wakefield','Guinevere','Boller','Whitebrook','30524937876.0','468794995.0'),
(726,1,'Berke','Byrom','Donner','Chadwyck','27238529244.0','326138035.0'),
(727,1,'Avrit','Opalina','Karpe','Mountlow','17254015659.0','618338799.0'),
(728,2,'Zola','Cody','Dufour','Adlington','10860821902.0','760032260.0'),
(729,2,'John','Inigo','Dombrell','McTerlagh','3772842044.0','237972887.0'),
(730,2,'Ervin','Nigel','Meak','Delete','2506844904.0','429972881.0'),
(731,1,'Rosie','Ilysa','Olyfat','Polglase','8053012732.0','978291527.0'),
(732,2,'Rodney','Beulah','Bodega','Darley','705830473.0','204846272.0'),
(733,2,'Sybyl','Christian','Houlston','Kibbel','20271268579.0','847775968.0'),
(734,2,'Davita','Virge','Blench','Hamper','23956753594.0','254996869.0'),
(735,2,'Carroll','Benni','Realph','Spread','15871986899.0','888883129.0'),
(736,2,'Marika','Grantley','Melling','Freed','26415228347.0','480108951.0'),
(737,1,'Lisetta','Auroora','Madill','Dobbin','9351153996.0','286327628.0'),
(738,1,'Teador','Helli','Frend','Tribble','11714248091.0','62729612.0'),
(739,2,'Ronnie','Valerie','Gomes','Stoffer','20878562407.0','632373512.0'),
(740,2,'Siobhan','Corri','Panton','Elcom','24019270852.0','517676906.0'),
(741,2,'Gerome','Lenna','Georgot','Wickens','30730898618.0','32019456.0'),
(742,2,'Carlina','Rici','Gallaway','Sarre','18085624971.0','33235935.0'),
(743,1,'Aguie','Shawn','Spenceley','Bisgrove','22714018521.0','130651058.0'),
(744,2,'Rafaela','Guenevere','Pallant','Britzius','28888196944.0','776491619.0'),
(745,2,'Ludovico','Candra','Mowbury','Presdee','15856270282.0','618869384.0'),
(746,1,'Josie','Brande','Leatherland','Foley','16587867323.0','701064470.0'),
(747,1,'Sidney','Neel','Ruzek','Berrow','19120955894.0','957553153.0'),
(748,1,'Welby','Olly','Stolz','Yong','6277133457.0','962569177.0'),
(749,2,'Bobbi','Horten','MacClay','Redford','9012984492.0','439542900.0'),
(750,2,'Ode','Cybill','Heasman','Opie','30684726005.0','193973633.0'),
(751,2,'Allen','Maye','Ferreo','Van der Hoeven','24384229615.0','505543867.0'),
(752,1,'Karlens','Edgard','L\'oiseau','Colvin','4969691770.0','934219831.0'),
(753,1,'Nady','Adela','Hegden','Atrill','18258068311.0','587088233.0'),
(754,1,'Aveline','Ulrica','Cattermull','Filippo','26061495957.0','79610946.0'),
(755,1,'Wendy','Gabriel','Milsted','Grenshiels','18282937173.0','171111380.0'),
(756,2,'Steve','Husain','Thebe','Seeler','20953174400.0','91313206.0'),
(757,2,'Genny','Angelina','Ikringill','Gaymer','2422950199.0','423889074.0'),
(758,1,'Laurette','Enid','Joynes','Klimentyev','6571616386.0','248230128.0'),
(759,2,'Curtis','Tore','Hampson','Dobrovolny','10980489641.0','101048152.0'),
(760,2,'Cher','Emmott','Lethcoe','Henner','3060421352.0','575264690.0'),
(761,1,'Genvieve','Marybeth','Shavel','Fotitt','14901161308.0','300353760.0'),
(762,1,'Amalie','Annmarie','De Cleen','Burmaster','12900392939.0','198648394.0'),
(763,2,'Sophronia','Garry','Swayland','Brimming','30712718817.0','961680566.0'),
(764,2,'Fidole','Idette','Jarry','Percival','31923142399.0','281297533.0'),
(765,2,'Lemmy','Leone','Durbann','Fogel','811605618.0','920414969.0'),
(766,2,'Ricki','Annemarie','Yellowlea','Bulman','24753339596.0','139972331.0'),
(767,1,'Ambrosius','Neale','Giuron','Verdey','12574221149.0','224277984.0'),
(768,1,'Robenia','Riva','Sumpter','Wolver','25861824046.0','276065526.0'),
(769,1,'Melisse','Adrianne','Hember','Mates','7521772502.0','396720117.0'),
(770,2,'Tessie','Annamaria','Lassey','Habberjam','22986863078.0','755195012.0'),
(771,2,'Cyndy','Kaine','Judkin','Juorio','4650591830.0','795119367.0'),
(772,2,'Pru','Ethelyn','Volant','Doore','2528075773.0','142075007.0'),
(773,2,'Leese','Denys','Tigwell','Blore','4011524290.0','442011762.0'),
(774,1,'Hilliary','Seana','Guymer','Gilhooley','4686381192.0','201259071.0'),
(775,1,'Forrester','Heinrick','Yukhnin','Endacott','14535255751.0','582133333.0'),
(776,2,'Gretel','Heida','Darko','Brazil','17439837253.0','401796019.0'),
(777,2,'Bamby','Whitman','Arp','Magenny','4049103846.0','293309054.0'),
(778,1,'Sherwood','Tucky','Bassick','Tourmell','2660988032.0','762248553.0'),
(779,2,'Lorine','Jamey','Sprackling','Czadla','11230938675.0','234218985.0'),
(780,2,'Angeline','Jacintha','Mitchenson','Crew','17775840488.0','681660082.0'),
(781,2,'Judon','Patrica','MacCorley','Shoreson','10808687332.0','870977784.0'),
(782,1,'Bernardina','Ragnar','Diess','Gowrie','5752733856.0','249778902.0'),
(783,1,'Aprilette','Estele','Caller','Hallworth','9074762505.0','114127972.0'),
(784,1,'Reta','Maryjane','Eborall','Belham','510457534.0','516516822.0'),
(785,1,'Cecilla','Claybourne','Davidsohn','Ciotti','17469270891.0','84794085.0'),
(786,1,'Cathleen','Nancee','Gierth','Franses','7522638294.0','890533743.0'),
(787,1,'Roxane','Georgeanna','Ackenhead','Burford','27031954970.0','609928462.0'),
(788,1,'Karie','Sofia','Bakewell','Mingard','30403492411.0','754010184.0'),
(789,2,'Valerye','Selle','Claworth','Braghini','24965382508.0','677366549.0'),
(790,2,'Rodina','Carey','Blazy','Bolduc','30186761886.0','64183092.0'),
(791,1,'Glen','Ertha','Jacques','Bunclark','18524498740.0','869550807.0'),
(792,1,'Caryn','Mufi','Force','Lunam','19284377260.0','841235888.0'),
(793,1,'Cris','Daile','Rottger','Polsin','8037353714.0','160916290.0'),
(794,1,'Kory','Elvira','Parysowna','Cluet','4840552232.0','462711669.0'),
(795,1,'Giulio','Alvera','Gallegos','Ickovicz','16546555851.0','509432832.0'),
(796,1,'Timothy','Concordia','Le Surf','Marcu','14684685392.0','653928533.0'),
(797,1,'Malcolm','Eldin','Kupec','Sibbson','6704014621.0','376826462.0'),
(798,2,'Millicent','Karoline','McWhirter','Feasey','9578703765.0','723972750.0'),
(799,2,'Gael','Naomi','Embury','Winfindine','19343842872.0','241252537.0'),
(800,2,'Marylee','Conny','Schanke','Elson','15721922819.0','254075494.0'),
(801,1,'Silvano','Mallory','Teresia','Housin','16002616182.0','515412432.0'),
(802,2,'Nickie','Emelia','Geindre','Horrell','13529736682.0','436774363.0'),
(803,1,'Renard','Mahala','Salerno','Gotcliff','9814337457.0','69034954.0'),
(804,1,'Raphael','Georgetta','Burg','Willimont','9274032109.0','63770134.0'),
(805,2,'Karol','Edie','Hudspith','Winch','23436678871.0','465200242.0'),
(806,1,'Dominick','Chuck','Chiddy','Skill','13699781162.0','75813298.0'),
(807,1,'Janaya','Andromache','Sigart','Courvert','14854178393.0','20542448.0'),
(808,2,'Tiler','Walsh','Cartin','Jacobsson','20642082578.0','852738132.0'),
(809,1,'Zoe','Durward','Brede','Doonican','17369299994.0','64388555.0'),
(810,1,'Judi','Paul','Hoys','Orys','23355262890.0','380069575.0'),
(811,1,'Catlin','Harcourt','Dallon','Melding','24565808609.0','985813265.0'),
(812,2,'Traver','Gordon','Beech','Wornham','3361638058.0','530655503.0'),
(813,1,'Lucia','Earl','Cullrford','Munday','16498745810.0','559941436.0'),
(814,1,'Viviene','Sheelah','Jervois','Seleway','29873246802.0','523667114.0'),
(815,2,'Johanna','Brendis','Barhims','Davydoch','26792268783.0','781398258.0'),
(816,1,'Janey','Lianna','Shapter','Gonthier','21172888247.0','38465911.0'),
(817,2,'Harmonie','Meara','Abramcik','Dilland','15436182742.0','272202363.0'),
(818,2,'Thorndike','Charmine','Dewdney','Vesty','7633000227.0','172030976.0'),
(819,2,'Cordula','Octavius','Davinet','Merck','6492769553.0','803445033.0'),
(820,1,'Carmine','Brita','Guttridge','Van Der Straaten','14349426838.0','834492937.0'),
(821,2,'Ebony','Sena','Scowen','Keeley','11910631710.0','953640594.0'),
(822,2,'Rorke','Haskell','Tamburi','Ambrogi','23040397277.0','171508075.0'),
(823,1,'Flynn','Salomo','Franzotto','Pietrzyk','22889622188.0','313470427.0'),
(824,1,'Gabey','Joseito','Coller','Durban','17697781531.0','347553108.0'),
(825,2,'El','Harmonie','Filde','Halegarth','2276811563.0','319964602.0'),
(826,1,'Shurlock','Heda','Sayles','Novik','24127793210.0','705635502.0'),
(827,1,'Trudi','Vinnie','Merida','Huddleston','23237799217.0','938832291.0'),
(828,2,'Claire','Mattheus','Jentin','Zimmermanns','29133269508.0','458643992.0'),
(829,1,'Annis','Bridgette','Elrick','Rickets','25620591524.0','875728666.0'),
(830,1,'Den','Ronnie','Flahive','Verryan','14929561634.0','840277746.0'),
(831,2,'Nona','Janessa','Giddons','Tythacott','11240762635.0','165602532.0'),
(832,1,'Tye','Rozalie','Watting','Le Prevost','24026207474.0','775082787.0'),
(833,2,'Aprilette','Ilaire','Frary','Inge','12743696184.0','620515251.0'),
(834,1,'Janka','Belia','Fritschmann','Cornilleau','11515099189.0','554649698.0'),
(835,2,'Rutger','Abbot','McVitty','Burkitt','30741657272.0','531736174.0'),
(836,1,'Dominick','Ailina','McKeeman','Geldart','31938148340.0','1004770281.0'),
(837,2,'Amerigo','Bertie','MacCorley','Connue','12824203590.0','630835105.0'),
(838,1,'Kristin','Sunny','Oaten','Gino','25737404278.0','619470862.0'),
(839,1,'Prinz','Bentlee','Lenin','Meekin','6720995642.0','171140558.0'),
(840,1,'Maxie','Koral','Perico','Ivanishev','12548005446.0','645658194.0'),
(841,2,'Arabelle','Derby','Casazza','Picker','30836549601.0','612744614.0'),
(842,2,'Brigitte','Archie','Pettett','Rillstone','31580154526.0','643427360.0'),
(843,2,'Dierdre','Gayleen','Yankov','Pontin','7358824011.0','117849851.0'),
(844,2,'Quint','Rozalin','Gorler','Tomet','9694917024.0','885122123.0'),
(845,2,'Natividad','Kirk','Mulqueen','Gypps','26900191651.0','554834001.0'),
(846,1,'Ignazio','Denny','Kairns','Vales','27900459084.0','161140652.0'),
(847,2,'Hughie','Humphrey','Gianuzzi','Dunley','18445395261.0','613941522.0'),
(848,2,'Gabbie','Elsbeth','Chomicz','Storek','15799711732.0','378560431.0'),
(849,2,'Langston','Emyle','Cooling','Dilworth','5879360058.0','140882030.0'),
(850,2,'Gerry','Melisenda','Conwell','Ropert','25688691800.0','918268035.0'),
(851,1,'Edgardo','Bev','Woolhouse','MacKegg','18289661435.0','633126262.0'),
(852,1,'Bren','Anthony','Arkle','Hazel','16173130745.0','139592734.0'),
(853,1,'Kenneth','Artus','Glazebrook','Biford','23347005266.0','931516528.0'),
(854,1,'Stephine','Fabiano','Tows','Banker','13210286418.0','440688517.0'),
(855,2,'Currie','Sari','Lilleman','Heys','7525210840.0','349291144.0'),
(856,2,'Isa','Jerrie','O\'Bradain','Matyushkin','5565479532.0','398062836.0'),
(857,1,'Rochell','Erl','Westwater','Glasheen','4494029465.0','206838502.0'),
(858,1,'Nickola','Valry','Apps','Heineke','14543665649.0','215939126.0'),
(859,1,'Camille','Modesty','Duester','Duffet','22930151201.0','253880184.0'),
(860,2,'Gabriell','Laurence','Helsby','Burgane','5163136765.0','429391798.0'),
(861,2,'Myrwyn','Ricki','Bertin','Bridgewater','7497248415.0','609413965.0'),
(862,2,'Becka','Katusha','Hazle','Rawcliff','15260941278.0','565082003.0'),
(863,2,'Ripley','Isidor','Bennell','Quye','1886859344.0','521849807.0'),
(864,2,'Dotty','Winni','Roubay','Paraman','22151288680.0','81222863.0'),
(865,2,'Jordan','Judd','Freund','Byng','19119493442.0','650153069.0'),
(866,1,'Jobi','Sargent','Knapman','Wycliffe','22331809415.0','49062525.0'),
(867,2,'Fianna','Nikaniki','Saurat','Hemeret','22207706174.0','798641243.0'),
(868,1,'Thane','Crista','Ledes','Hallowell','27462153598.0','600166461.0'),
(869,1,'Lay','Stephanie','Loughran','Noel','11005015645.0','747330150.0'),
(870,2,'Kacie','Tildi','Ledwich','Axell','25316629701.0','243757721.0'),
(871,1,'Joella','Jacquetta','Yurin','Faint','24949326916.0','113191971.0'),
(872,2,'Kass','Kaile','Bragge','Bordes','14117724858.0','444112561.0'),
(873,1,'Edi','Noach','Burde','Fullerlove','3215067320.0','950772725.0'),
(874,2,'Ellery','Olvan','Dufer','Ondrusek','5742845942.0','413036449.0'),
(875,2,'Georgianne','Janifer','Ferriday','Ruos','24818697955.0','587733522.0'),
(876,2,'Amil','Helaina','Hilldrup','Barge','29299536358.0','878978584.0'),
(877,1,'Aeriell','Shelley','Wantling','McTerrelly','21772560127.0','41657848.0'),
(878,1,'Wayland','Zelma','Reye','Rallinshaw','8688633679.0','917324773.0'),
(879,1,'Kinna','Kimberlee','Goodsell','Hillhouse','8051922212.0','958340967.0'),
(880,2,'Tamara','Federico','Whyatt','Ambler','18497555669.0','13125590.0'),
(881,1,'Staffard','Leah','Pideon','Arnholz','29288242792.0','571001828.0'),
(882,2,'Alida','Anita','Pigney','Killock','9006890274.0','533373624.0'),
(883,1,'Thalia','Dunstan','Blare','Ventris','7742793477.0','302383487.0'),
(884,2,'Madalyn','Arleta','Frie','Heynen','5700003084.0','737895647.0'),
(885,2,'Marjie','Franz','Bovingdon','Parish','10092246999.0','942134768.0'),
(886,2,'Bronson','Esra','Burkert','Skinley','1260272562.0','369303872.0'),
(887,2,'Maribel','Eustace','Reynish','Van der Krui','15343392485.0','803786337.0'),
(888,1,'Kim','Ruth','Padgham','Georgius','30961691406.0','804943989.0'),
(889,1,'Kaye','Hart','Deveril','Melhuish','28868754866.0','744971080.0'),
(890,2,'Devinne','Estele','Skerme','O\'Fihillie','2773898081.0','445302117.0'),
(891,1,'Dana','Titos','Bazley','Krollmann','20622420524.0','395328594.0'),
(892,2,'Sibbie','Fonz','Blondelle','Bartoszek','12360315920.0','224754981.0'),
(893,1,'Suzi','Jeanette','Yates','Steabler','12487427739.0','369935045.0'),
(894,1,'Trudy','Javier','Dourin','Dignam','7616232173.0','965261712.0'),
(895,1,'Arleta','Alistair','Rolls','Batham','391140813.0','160996392.0'),
(896,1,'Emmalynn','Cully','Schuricke','Isoldi','6701251890.0','336226697.0'),
(897,1,'Teador','Salvidor','Cansdell','Kiltie','31512315799.0','458189007.0'),
(898,1,'Wilona','Hughie','Gledhill','Medlar','4731037123.0','551201296.0'),
(899,2,'Lilia','Roseline','MacDearmont','Moulson','19158074556.0','292891959.0'),
(900,1,'Greer','Kylie','Strutz','Whetnell','14233094052.0','526854405.0'),
(901,2,'Hurley','Griff','Radolf','Schiersch','10338436863.0','703816145.0'),
(902,1,'Loree','Darill','Baise','Michelmore','7083741500.0','834987364.0'),
(903,1,'Berry','Ody','Whiskin','Charles','3522586329.0','390283261.0'),
(904,1,'Jarrod','Alphard','Rayner','Earle','15161696209.0','467283516.0'),
(905,2,'Josselyn','Kissie','Habergham','Zapatero','7968248040.0','193759004.0'),
(906,2,'Earl','Jodi','Casajuana','Ormonde','31529235207.0','348729792.0'),
(907,1,'Paolo','Claudell','Castillo','Kemmey','23777660291.0','891851048.0'),
(908,1,'Astrix','Jyoti','Bowering','Sterman','18263946191.0','903502345.0'),
(909,2,'Gannon','Alison','Broseman','Venturoli','3509994552.0','518696328.0'),
(910,2,'Stefan','Germain','Ferri','Casacchia','13838332902.0','171039054.0'),
(911,2,'Renado','Bel','Capon','Lilford','30091338487.0','664872283.0'),
(912,1,'Pincas','Sharlene','Paffley','Christoffels','31609924842.0','663395204.0'),
(913,1,'Lorenzo','Mickey','Jorez','Armstrong','20999154148.0','18991838.0'),
(914,1,'Vitia','Gavrielle','Bisiker','Duggen','19392204201.0','999055203.0'),
(915,1,'Ronna','Zelig','Belverstone','Lindell','27891772143.0','804285468.0'),
(916,1,'Felecia','Rikki','Arnull','Elan','5217854863.0','90101523.0'),
(917,1,'Atlante','Dirk','Vile','Doneld','11570676783.0','961499149.0'),
(918,2,'Ariadne','Terence','Deering','Aleshkov','12033069650.0','505395834.0'),
(919,1,'Abramo','Bentlee','Woodall','Blowin','19644312903.0','795045758.0'),
(920,1,'Holden','Skipp','Savage','Tuting','13603094750.0','936956944.0'),
(921,1,'Albina','Orsola','Burden','Bromilow','5089782549.0','263181227.0'),
(922,1,'Dyana','Randolph','Senett','Chadband','29173716457.0','212066535.0'),
(923,2,'Martica','Garold','Ponting','Markie','16239372032.0','927166550.0'),
(924,2,'Leanor','Elane','Kernermann','De Banke','18006145045.0','227772576.0'),
(925,1,'Calhoun','Emyle','Giddons','Tosh','22046205984.0','769546690.0'),
(926,1,'Jeanette','Gannon','Gwillim','Mc Caughan','14724655933.0','595342730.0'),
(927,2,'Edith','Quent','Lillie','Saterweyte','4231910586.0','195523145.0'),
(928,1,'Raeann','Noak','Pinckstone','Peidro','12513248010.0','188318758.0'),
(929,1,'Cleveland','Mala','Van Arsdall','Eltun','14984413239.0','812426390.0'),
(930,1,'Amby','Ranique','Chater','d\' Elboux','146003788.0','965146754.0'),
(931,1,'Victoria','Ferne','Pirie','Speariett','3216805499.0','647634217.0'),
(932,1,'Jillayne','Perri','Switzer','Speenden','22294923727.0','368090245.0'),
(933,1,'Tedi','Nevsa','Valentin','Giraldo','18418366087.0','68677802.0'),
(934,2,'Glyn','Patten','Rivalant','Sivess','6086651314.0','580168706.0'),
(935,2,'Sydelle','Karilynn','Garrett','Scarratt','22967638844.0','294353396.0'),
(936,2,'Tyson','Silvio','Wrixon','Bolens','24356730815.0','172785949.0'),
(937,2,'Leelah','Elnora','Marklund','Behnen','27819417589.0','164753314.0'),
(938,1,'Norma','Skylar','Ambler','Sperring','4241334416.0','999246103.0'),
(939,1,'Drusilla','Franny','Osgordby','Hardiker','17047126733.0','683778367.0'),
(940,1,'Rochell','Terra','Gurery','Chatfield','9191181647.0','995320436.0'),
(941,1,'Floyd','Gabbey','Rasor','Wolfendell','21938101063.0','451506079.0'),
(942,2,'Marisa','Karil','Dollard','Fosdick','1882640747.0','58088620.0'),
(943,1,'Allene','Lewiss','Gruczka','Clarridge','4458860463.0','368288090.0'),
(944,1,'Carma','Brandon','O\'Hogertie','Hayer','27534999933.0','358255507.0'),
(945,2,'Kincaid','Ardelia','Polo','Siccombe','20519789152.0','32507378.0'),
(946,2,'Rania','Barry','Pinney','Ticehurst','32052328543.0','13356489.0'),
(947,1,'Audy','Veradis','Bollum','Badder','10522397914.0','18230301.0'),
(948,2,'Sonny','Leesa','Slatter','Underwood','13520575256.0','89889724.0'),
(949,1,'Bryon','Zenia','Haylands','Delany','20847842158.0','521682996.0'),
(950,1,'Shellie','Brianne','Bengtson','Coo','24611202411.0','39826093.0'),
(951,2,'Angel','Franny','Cloonan','Kilalea','21286122979.0','99816934.0'),
(952,2,'Palmer','Phillipe','Whiteson','Swatton','25541818772.0','55783493.0'),
(953,1,'Ronnica','Alexine','Jelly','Ryott','20471052110.0','161109537.0'),
(954,2,'Odille','Yorgos','Foulgham','Benettelli','17575571432.0','336296020.0'),
(955,2,'Paco','Gert','Naire','Avieson','27691470000.0','348759074.0'),
(956,2,'Roderick','Urbanus','Ciric','Paolazzi','11485187481.0','638817480.0'),
(957,2,'Keary','Ravi','Domm','Sealove','29957264772.0','338922744.0'),
(958,1,'Jocelin','Veronique','Halfhead','Danton','14085343132.0','402091921.0'),
(959,2,'Elie','Dew','Bartolomeotti','Vanyutin','27419763294.0','93763670.0'),
(960,1,'Kevon','Lyn','Roussel','Forryan','18640881955.0','393054760.0'),
(961,2,'Taryn','Blanca','Brotherhood','Kingswood','9329557865.0','236716064.0'),
(962,2,'Bink','Colly','Ferrieri','Szimon','31478396012.0','174963688.0'),
(963,2,'Cherrita','Madelin','MacGruer','Rutherford','8864665711.0','37525765.0'),
(964,2,'Hanny','Minnnie','Wyley','Cawsey','31628880233.0','208232797.0'),
(965,1,'Clair','Cal','Bagniuk','Sibun','20074782562.0','378669909.0'),
(966,2,'Justis','Jose','Andrejs','Bearn','15016071543.0','200895531.0'),
(967,2,'Wilhelm','Cornie','Trinbey','Honack','9694532139.0','905621509.0'),
(968,1,'Kanya','Frannie','Stutard','Ashment','6313845790.0','503048331.0'),
(969,2,'Dell','Shalna','Ormston','Hourican','4541340101.0','101198090.0'),
(970,1,'Ingram','Sigrid','Ripsher','Erie','1509803088.0','621547306.0'),
(971,1,'Krishna','Obie','O\'Dowgaine','Prier','27140652637.0','309340184.0'),
(972,1,'Mireille','Geraldine','Joliffe','Alday','23534472225.0','118777291.0'),
(973,1,'Sven','Ludwig','Demschke','Golds','12484788808.0','185378492.0'),
(974,2,'Tate','Gran','Carlisi','Manchett','16808762279.0','710275866.0'),
(975,1,'Willow','Nadine','Thacke','Bothams','2590317867.0','11661807.0'),
(976,2,'Gavra','Martainn','Aughtie','Feldon','11294375915.0','490554026.0'),
(977,2,'Glenna','Laure','Abrams','Keaton','12761009086.0','545287404.0'),
(978,2,'Jonie','Madelle','Frany','Screach','4615813574.0','121799077.0'),
(979,2,'Antoinette','Rubetta','Romans','Renad','5553521161.0','631945702.0'),
(980,2,'Lorilyn','Gladys','Marjanski','Drummond','19186721638.0','883650775.0'),
(981,2,'Abra','Wylma','Hillborne','Salzburg','17053018308.0','758835805.0'),
(982,1,'Neila','Annabella','Paynton','Edmott','11629685568.0','229390121.0'),
(983,2,'Elissa','Berky','Floyde','Teal','11550071077.0','163911091.0'),
(984,2,'Haily','Merlina','Ealden','Wedlock','19524838597.0','940294637.0'),
(985,1,'Aggy','Corny','Trumble','Goley','23897374981.0','634555527.0'),
(986,2,'Hube','Geno','Burgoyne','Rubinsaft','13533044496.0','341195485.0'),
(987,2,'Amberly','Keene','Blees','Cranstoun','31426044506.0','981916027.0'),
(988,2,'Babara','Nerita','Blaszczyk','Liddiatt','10411270980.0','423928304.0'),
(989,2,'Mellicent','Alfonso','Cochran','Garrud','20581474505.0','159523626.0'),
(990,2,'Bridgette','Oralia','Guenther','Chape','21263936048.0','241052271.0'),
(991,2,'Damita','Osbert','Ponter','Kleinplatz','30601147607.0','411509873.0'),
(992,1,'Teador','Jennie','Foggarty','Dudeney','13036006743.0','17453490.0'),
(993,2,'Wilbert','Ronny','Gaucher','Cusack','20081524480.0','31290388.0'),
(994,1,'Bartlet','Creigh','Winnett','Cawker','19361859557.0','746295078.0'),
(995,1,'Effie','Ossie','Taverner','Dowyer','16942343659.0','102891569.0'),
(996,1,'Wake','Mureil','Kelberer','Ruslen','31877244090.0','868284323.0'),
(997,1,'Tremayne','Hill','Sommerly','Webburn','9560509477.0','85159585.0'),
(998,1,'Ken','Nancie','Sowle','Tolcher','19242753832.0','715454238.0'),
(999,2,'Leon','Dalt','Beaves','MacDearmont','375996985.0','248350623.0'),
(1000,2,'Terrill','Sandra','Pappi','Hearson','18523824071.0','256448190.0');

/*Table structure for table `departamentos` */

DROP TABLE IF EXISTS `departamentos`;

CREATE TABLE `departamentos` (
  `id_departamento` int(11) NOT NULL AUTO_INCREMENT,
  `id_pais` int(11) NOT NULL,
  `departamento` varchar(500) NOT NULL,
  PRIMARY KEY (`id_departamento`),
  KEY `id_pais` (`id_pais`),
  CONSTRAINT `departamentos_ibfk_1` FOREIGN KEY (`id_pais`) REFERENCES `pais` (`id_pais`)
) ENGINE=InnoDB AUTO_INCREMENT=163 DEFAULT CHARSET=utf8;

/*Data for the table `departamentos` */

insert  into `departamentos`(`id_departamento`,`id_pais`,`departamento`) values 
(1,5,'Amazonas'),
(2,5,'Antioquia'),
(3,5,'Arauca'),
(4,5,'Atlántico'),
(5,5,'Bolívar'),
(6,5,'Boyacá'),
(7,5,'Caldas'),
(8,5,'Caquetá'),
(9,5,'Casanare'),
(10,5,'Cauca'),
(11,5,'Cesar'),
(12,5,'Chocó'),
(13,5,'Córdoba'),
(14,5,'Cundinamarca'),
(15,5,'Guainía'),
(16,5,'Guaviare'),
(17,5,'Huila'),
(18,5,'La Guajira'),
(19,5,'Magdalena'),
(20,5,'Meta'),
(21,5,'Nariño'),
(22,5,'Norte de Santander'),
(23,5,'Putumayo'),
(24,5,'Quindío'),
(25,5,'Risaralda'),
(26,5,'San Andrés y Providencia'),
(27,5,'Santander'),
(28,5,'Sucre'),
(29,5,'Tolima'),
(30,5,'Valle del Cauca'),
(31,5,'Vaupés'),
(32,5,'Vichada'),
(33,1,'Buenos Aires'),
(34,1,'Ciudad Autónoma de Buenos Aires'),
(35,1,'Catamarca'),
(36,1,'Chaco'),
(37,1,'Chubut'),
(38,1,'Córdoba'),
(39,1,'Corrientes'),
(40,1,'Entre Ríos'),
(41,1,'Formosa'),
(42,1,'Jujuy'),
(43,1,'La Pampa'),
(44,1,'La Rioja'),
(45,1,'Mendoza'),
(46,1,'Misiones'),
(47,1,'Neuquén'),
(48,1,'Río Negro'),
(49,1,'Salta'),
(50,1,'San Juan'),
(51,1,'San Luis'),
(52,1,'Santa Cruz'),
(53,1,'Santa Fe'),
(54,1,'Santiago del Estero'),
(55,1,'Tierra del Fuego, Antártida e Islas del Atlántico Sur'),
(56,1,'Tucumán'),
(57,2,'Beni'),
(58,2,'Chuquisaca'),
(59,2,'Cochabamba'),
(60,2,'La paz'),
(61,2,'Oruro'),
(62,2,'Pando'),
(63,2,'Potosí'),
(64,2,'Tarija'),
(65,2,'Santa Cruz'),
(66,3,'Acre'),
(67,3,'Alagoas'),
(68,3,'Amapá'),
(69,3,'Amazonas'),
(70,3,'Bahía'),
(71,3,'Ceará'),
(72,3,'Distrito Federal'),
(73,3,'Espírito Santo'),
(74,3,'Goiás'),
(75,3,'Maranhão'),
(76,3,'Mato Grosso'),
(77,3,'Mato Grosso del Sur'),
(78,3,'Minas Gerais'),
(79,3,'Pará'),
(80,3,'Paraíba'),
(81,3,'Paraná'),
(82,3,'Pernambuco'),
(83,3,'Piauí'),
(84,3,'Río de Janeiro'),
(85,3,'Río Grande del Norte'),
(86,3,'Río Grande del Sur'),
(87,3,'Rondônia'),
(88,3,'Roraima'),
(89,3,'Santa Catarina'),
(90,3,'São Paulo'),
(91,3,'Sergipe'),
(92,3,'Tocantins'),
(93,4,'Santiago de chile'),
(94,4,'La Serena'),
(95,4,'Cuyo'),
(96,4,'Chillán'),
(97,4,'Concepción'),
(98,4,'Cañete'),
(99,4,'Angol'),
(100,4,'Imperial'),
(101,4,'Villarrica'),
(102,4,'Valdivia'),
(103,4,'Osorno'),
(104,4,'Chiloé'),
(105,6,'Puntarenas'),
(106,6,'limon '),
(107,6,'heredia'),
(108,6,'cartago'),
(109,6,'guanacaste'),
(110,6,'alajuela'),
(111,7,'Pinar del Río'),
(112,7,'Artemisa'),
(113,7,'La Habana'),
(114,7,'Mayabeque'),
(115,7,'Matanzas'),
(116,7,'Cienfuegos'),
(117,7,'Villa Clara'),
(118,7,'Sancti Spíritus'),
(119,7,'Ciego de Ávila'),
(120,7,'Camagüey'),
(121,7,'Las Tunas'),
(122,7,'Granma'),
(123,7,'Holguín'),
(124,7,'Santiago de Cuba'),
(125,7,'Guantánamo'),
(126,8,'azuay'),
(127,8,'bolivar'),
(128,8,'cañar'),
(129,8,'carchi'),
(130,8,'chomborazo'),
(131,8,'cotopaxi'),
(132,8,'el oro'),
(133,8,'esmeraldas'),
(134,8,'galapagos'),
(135,8,'guayan'),
(136,8,'imbabura'),
(137,8,'loja'),
(138,8,'los rios'),
(139,8,'manabi'),
(140,8,'morona santiago'),
(141,8,'napo'),
(142,8,'orellana'),
(143,8,'pastaza'),
(144,8,'pichincha'),
(145,8,'santa elena'),
(146,8,'sucumbios'),
(147,8,'tangurahua'),
(148,8,'quito'),
(149,26,'caracas'),
(150,3,'brasilia'),
(151,9,'san salvador'),
(152,12,'ciudad de guatemala'),
(153,14,'puerto principe'),
(154,15,'tegucigalpa'),
(155,17,'ciudad de mexico'),
(156,18,'managua'),
(157,20,'panama'),
(158,19,'asuncion'),
(159,21,'lima'),
(160,21,'chiclayo'),
(161,25,'montevideo'),
(162,23,'santo domingo');

/*Table structure for table `pais` */

DROP TABLE IF EXISTS `pais`;

CREATE TABLE `pais` (
  `id_pais` int(11) NOT NULL AUTO_INCREMENT,
  `pais` varchar(255) NOT NULL,
  PRIMARY KEY (`id_pais`)
) ENGINE=InnoDB AUTO_INCREMENT=1001 DEFAULT CHARSET=utf8;

/*Data for the table `pais` */

insert  into `pais`(`id_pais`,`pais`) values 
(1,'Argentina'),
(2,'Bolivia'),
(3,'Brasil'),
(4,'Chile'),
(5,'Colombia'),
(6,'Costa Rica'),
(7,'Cuba'),
(8,'Ecuador'),
(9,'El Salvador'),
(10,'Guayana Francesa'),
(11,'Granada'),
(12,'Guatemala'),
(13,'Guayana'),
(14,'Haití'),
(15,'Honduras'),
(16,'Jamaica'),
(17,'México'),
(18,'Nicaragua'),
(19,'Paraguay'),
(20,'Panamá'),
(21,'Perú'),
(22,'Puerto Rico'),
(23,'República Dominicana'),
(24,'Surinam'),
(25,'Uruguay'),
(26,'Venezuela');

/*Table structure for table `personal` */

DROP TABLE IF EXISTS `personal`;

CREATE TABLE `personal` (
  `id_personal` int(11) NOT NULL AUTO_INCREMENT,
  `nombre` varchar(50) NOT NULL,
  PRIMARY KEY (`id_personal`)
) ENGINE=InnoDB AUTO_INCREMENT=1001 DEFAULT CHARSET=utf8;

/*Data for the table `personal` */

insert  into `personal`(`id_personal`,`nombre`) values 
(1,'Verla Stitle'),
(2,'Kori Barrowcliff'),
(3,'Adelbert Cathrae'),
(4,'Waite O\'Connolly'),
(5,'Analiese Bourcq'),
(6,'Bing Earlam'),
(7,'Myles Wastie'),
(8,'Calli McFie'),
(9,'Bronson Roskam'),
(10,'Sharia Odo'),
(11,'Gianni Plett'),
(12,'Burlie Malec'),
(13,'Timotheus Ferrelli'),
(14,'Thayne Creeghan'),
(15,'Miner Curme'),
(16,'Benjy Swannell'),
(17,'Jedidiah Haywood'),
(18,'Iggie Sibborn'),
(19,'Derry Burnup'),
(20,'Craig Brettelle'),
(21,'Raina Jaqueme'),
(22,'Fiona Biddiss'),
(23,'Cris Witchalls'),
(24,'Tristam Wooton'),
(25,'Camella Krysztofiak'),
(26,'Harriot Corradetti'),
(27,'Star Crossthwaite'),
(28,'Malissia Woffenden'),
(29,'Max Sowerbutts'),
(30,'Oralia Boase'),
(31,'Devi Dunmuir'),
(32,'Danya Boor'),
(33,'Gay Prestedge'),
(34,'Beryle Wellbelove'),
(35,'Karina Rowles'),
(36,'Kriste Lanegran'),
(37,'Jaynell Kantor'),
(38,'Robin Fleischmann'),
(39,'Myriam Cockarill'),
(40,'Simonne Lympany'),
(41,'Javier Woodyatt'),
(42,'Kial Penton'),
(43,'Kurtis Howcroft'),
(44,'Fredek Crosi'),
(45,'Roz Brien'),
(46,'Howard Butterly'),
(47,'Asher Janicek'),
(48,'Zitella Gourlay'),
(49,'Erda Alsopp'),
(50,'Nisse Winterburn'),
(51,'Glynn Longstaffe'),
(52,'Kettie Kinnin'),
(53,'Gerhard Sturton'),
(54,'Giovanni Robrow'),
(55,'Carlee Dayborne'),
(56,'Nicko Brownsey'),
(57,'Eugenio Driscoll'),
(58,'Cody Pedrocchi'),
(59,'Wang Tyrone'),
(60,'Vinni Spragge'),
(61,'Janot Malcolmson'),
(62,'Clifford Giberd'),
(63,'Kayley Hazeley'),
(64,'Kahlil Barrar'),
(65,'Joann Cleveland'),
(66,'Sauveur Fannin'),
(67,'Adriane Boyington'),
(68,'Anderea Ludovici'),
(69,'Anna-diana Dewhirst'),
(70,'Mohammed Bellard'),
(71,'Ozzie Kovnot'),
(72,'Shelton Bucksey'),
(73,'Marty Aspy'),
(74,'Caleb Stuck'),
(75,'Harriett Fearneley'),
(76,'Laurette Norewood'),
(77,'Sherie Drogan'),
(78,'Padriac Hazelgreave'),
(79,'Opalina Horrigan'),
(80,'Artemas Longbottom'),
(81,'Jacobo McGilvra'),
(82,'Sibyl Rzehorz'),
(83,'Ozzy Baglan'),
(84,'Rhody Barnardo'),
(85,'Gloriana Pemble'),
(86,'Alena Slyne'),
(87,'Rodolfo MacDuffie'),
(88,'Randi Brindle'),
(89,'Katharine Leary'),
(90,'Pooh Lindro'),
(91,'Elissa Lipmann'),
(92,'Domingo Vasnetsov'),
(93,'Shellie Quest'),
(94,'Evangelin Shuttle'),
(95,'Carine Leighton'),
(96,'Warren Clarkson'),
(97,'Anders Boyson'),
(98,'Peterus Spillard'),
(99,'Bern Linnit'),
(100,'Cristi Statham'),
(101,'Meris Markos'),
(102,'Heda Krysztofiak'),
(103,'Shane MacLice'),
(104,'Doralia Strasse'),
(105,'Lizzie Whysall'),
(106,'Barbara-anne Nys'),
(107,'Gamaliel Patten'),
(108,'Sigismundo Gulliman'),
(109,'Linea MacArdle'),
(110,'Ania Mardle'),
(111,'Colin Breffitt'),
(112,'Jazmin Brabender'),
(113,'Nev Winspar'),
(114,'Cherin Sill'),
(115,'Jolie Render'),
(116,'Dareen Canizares'),
(117,'Rorke Coldtart'),
(118,'Shellie Veldman'),
(119,'Laure Cristofaro'),
(120,'Alysia Goddman'),
(121,'Essy Allebone'),
(122,'Tandie Zorener'),
(123,'Tara Niemetz'),
(124,'Sidoney Storie'),
(125,'Morgana Ferrarini'),
(126,'Jillane Luberti'),
(127,'Grove Hartshorne'),
(128,'Nevins Freund'),
(129,'Dionisio Lavender'),
(130,'Gabriell Mowbray'),
(131,'Julissa Ferreras'),
(132,'Barr Djekic'),
(133,'Savina Basire'),
(134,'Philippine Viegas'),
(135,'Agnesse Scally'),
(136,'Durante Freckleton'),
(137,'Sibylla Faulder'),
(138,'Miquela Nanelli'),
(139,'Eula Mander'),
(140,'Frasco Garnar'),
(141,'Birch Birley'),
(142,'Jonathan Bousler'),
(143,'Francene Selway'),
(144,'Elinor Alenichev'),
(145,'Matthaeus Lagden'),
(146,'Delly Maulkin'),
(147,'Bear Harget'),
(148,'Farand Pert'),
(149,'Cindie Effemy'),
(150,'Allis Zotto'),
(151,'Kliment Culshaw'),
(152,'Norrie Van der Velden'),
(153,'Dougy Skillicorn'),
(154,'Glyn Slorance'),
(155,'Rich Creavan'),
(156,'Janith Iskowitz'),
(157,'Hans Eastes'),
(158,'Mil Coomber'),
(159,'Cathe Awton'),
(160,'Rex Richarz'),
(161,'Brantley Klasing'),
(162,'Mikkel Duchenne'),
(163,'Ephrayim Trevethan'),
(164,'Drud Beaglehole'),
(165,'Morey Skettles'),
(166,'Emmi Griswood'),
(167,'Cheri Battill'),
(168,'Xylina Peschet'),
(169,'Ann-marie Kiernan'),
(170,'Eliot Cutill'),
(171,'Timothea Arndtsen'),
(172,'Maximo Yerrington'),
(173,'Dillon Mawson'),
(174,'Genny Kinzel'),
(175,'Sol Mouth'),
(176,'Elberta Alston'),
(177,'Mathe McNickle'),
(178,'Lee Gaspard'),
(179,'Marylynne Burch'),
(180,'Marc Keatch'),
(181,'Garland Jezard'),
(182,'Krystle Flanne'),
(183,'Griffith Jacquest'),
(184,'Dorolisa Tunstall'),
(185,'Reid Petric'),
(186,'Beverly Hillam'),
(187,'Isidora Kearle'),
(188,'Nertie Klosges'),
(189,'Waldon De Beauchemp'),
(190,'Garner Oxlade'),
(191,'Zora Bowcock'),
(192,'Winnie Knutton'),
(193,'Craig Conkay'),
(194,'Dasha Tysall'),
(195,'Gray Hinchcliffe'),
(196,'Cherry Hannabuss'),
(197,'Stephana Girhard'),
(198,'Brana Grills'),
(199,'Eadith Trustie'),
(200,'Bennie Gerling'),
(201,'Grady Childs'),
(202,'Ewart Arnoud'),
(203,'Shellie Baldcock'),
(204,'Jessey Stain'),
(205,'Omar Sorley'),
(206,'Kincaid McPhee'),
(207,'Frannie Riatt'),
(208,'Crystal Vaen'),
(209,'Brenna Fisk'),
(210,'Brice Blackstone'),
(211,'Zechariah Splevins'),
(212,'Emyle Gueste'),
(213,'Adey Matuska'),
(214,'Jarred Bulcroft'),
(215,'Cad Tuxell'),
(216,'Jinny Leivers'),
(217,'Kermit Moseley'),
(218,'Christi Colin'),
(219,'Yolanthe Waggett'),
(220,'Jereme Rimbault'),
(221,'Freemon Farlambe'),
(222,'Juliette McPeake'),
(223,'Pate Lafont'),
(224,'Keslie Cussons'),
(225,'Meredith Songest'),
(226,'Leshia Mennithorp'),
(227,'Tomkin Load'),
(228,'Herrick Pipping'),
(229,'Aline Klewi'),
(230,'Davis Suter'),
(231,'Babette Lamcken'),
(232,'Gabrila Mealand'),
(233,'Antonella Brockway'),
(234,'Kaitlynn Edland'),
(235,'Josepha Crab'),
(236,'Viviene Cone'),
(237,'George MacGinlay'),
(238,'Beaufort Schooling'),
(239,'Patric Rabier'),
(240,'Cully Beevors'),
(241,'Gene Wilshin'),
(242,'Ewen Hully'),
(243,'Ambrose Willoway'),
(244,'Edik Chattell'),
(245,'Leone Norwich'),
(246,'Emera Dumphy'),
(247,'Minnie Orbell'),
(248,'Tricia Tamas'),
(249,'Sancho Renehan'),
(250,'Carree Regnard'),
(251,'Darleen Adamo'),
(252,'Myrtle Derle'),
(253,'Devinne Wilkennson'),
(254,'Erich Gohier'),
(255,'Karlotta Lofty'),
(256,'Tades Morfett'),
(257,'Fulvia Drew-Clifton'),
(258,'Zacharias Raven'),
(259,'Anett Tivnan'),
(260,'Silas Habbin'),
(261,'Hester Welling'),
(262,'Katrine Dusting'),
(263,'Mae Blackley'),
(264,'Fayth Camois'),
(265,'Ethe Roast'),
(266,'Merrick Di Biagio'),
(267,'Abdel Betjeman'),
(268,'Licha Masterman'),
(269,'Daron Testo'),
(270,'Marieann Jurs'),
(271,'Reeta Twiddell'),
(272,'Cassie Dannel'),
(273,'Gerrilee Kellard'),
(274,'Hamilton Taggerty'),
(275,'Terri Antrum'),
(276,'Guilbert Saylor'),
(277,'Natalina Axworthy'),
(278,'Jyoti Goulder'),
(279,'Bing Owttrim'),
(280,'Dalila Melanaphy'),
(281,'Mose Clingan'),
(282,'Ashli Bichener'),
(283,'Alanah Strevens'),
(284,'Donavon Gotcher'),
(285,'Correy Jaquin'),
(286,'Isadore Labrom'),
(287,'Stacee Auchinleck'),
(288,'Ashlee Risborough'),
(289,'Silvan Rosborough'),
(290,'Kayla Howels'),
(291,'Skylar Kunze'),
(292,'Montague Greenstead'),
(293,'Sandor Scotson'),
(294,'Shelley Guyan'),
(295,'Saxe Tipping'),
(296,'Marga Harlow'),
(297,'Timmi Barney'),
(298,'Giffy Vezey'),
(299,'Phaedra Blowes'),
(300,'Arthur Briston'),
(301,'Humfrey MacGillivrie'),
(302,'Sarajane Sharpless'),
(303,'Stafani Cram'),
(304,'Grover Collington'),
(305,'Vernen Cabbell'),
(306,'Milissent O\'Caine'),
(307,'Zelig Riddles'),
(308,'Ardella Queyos'),
(309,'Noella de Clerc'),
(310,'Miran MacFall'),
(311,'Verene McAsgill'),
(312,'Charil Askew'),
(313,'Pammi Trimmell'),
(314,'Linus Crenage'),
(315,'Christye Dionisio'),
(316,'Devan Kilmaster'),
(317,'Alica Dunniom'),
(318,'Jo-ann Aizikovich'),
(319,'Garik Edleston'),
(320,'Merrill Backhurst'),
(321,'Carolina Lutty'),
(322,'Adrea Dodwell'),
(323,'Edan Juorio'),
(324,'Jeni Horburgh'),
(325,'Derril Brookbank'),
(326,'Claribel Sowman'),
(327,'Marge Ruskin'),
(328,'Barrie Whitwell'),
(329,'Amitie Munkley'),
(330,'Vernor Toppin'),
(331,'Freddi Norfolk'),
(332,'Peggie Waskett'),
(333,'Hobie Polkinhorn'),
(334,'Joletta Skottle'),
(335,'Ilsa Ollin'),
(336,'Angelica Whiting'),
(337,'Andreas Fawdery'),
(338,'Mack Pierson'),
(339,'Ellen Ratchford'),
(340,'Kaleb Dearle'),
(341,'Reinaldo Crosfeld'),
(342,'Bale Peyro'),
(343,'Otha Shiril'),
(344,'Joya Tevelov'),
(345,'Eddie Stygall'),
(346,'Arlie Cordero'),
(347,'Rogers Santon'),
(348,'Moira Lucius'),
(349,'Susie Graver'),
(350,'Cam Hardage'),
(351,'Nelly Dradey'),
(352,'Ad Lynagh'),
(353,'Darnall Rizzo'),
(354,'Clyde Kurth'),
(355,'Marcela Higgan'),
(356,'Gonzalo Worssam'),
(357,'Neall Roskeilly'),
(358,'Cilka Leon'),
(359,'Vince Semken'),
(360,'Lyndel Van Waadenburg'),
(361,'Giustino Gerlack'),
(362,'Linn Hauch'),
(363,'Brenna Sacaze'),
(364,'Brina Goggin'),
(365,'Wendi Michelmore'),
(366,'Edmon Chmarny'),
(367,'Ario Evenett'),
(368,'Cecilius Vardey'),
(369,'Graig Schach'),
(370,'Aarika Greenham'),
(371,'Cob Thibodeaux'),
(372,'Romy Aylward'),
(373,'Mead Saltsberg'),
(374,'Mildrid Inwood'),
(375,'Dorelia Ferfulle'),
(376,'Thacher Dawid'),
(377,'Elmira Hoffmann'),
(378,'Reggis Luchetti'),
(379,'Erena Boult'),
(380,'Broderic Benda'),
(381,'Zack Brann'),
(382,'Tamera Reucastle'),
(383,'Gerek Piburn'),
(384,'Darbie Burrel'),
(385,'Rennie Ropp'),
(386,'Sherline Velden'),
(387,'Camala Wolfenden'),
(388,'Kimble Rapaport'),
(389,'Lynda Goggin'),
(390,'Alecia Hillett'),
(391,'Lothario Benedit'),
(392,'Thurston Wolland'),
(393,'Gael Penhalurick'),
(394,'Josy Schirach'),
(395,'Querida Fredi'),
(396,'Grissel Standage'),
(397,'Alyda Caves'),
(398,'Cissy Mallam'),
(399,'Glenn Sall'),
(400,'Annette Mauchlen'),
(401,'Davida Gauler'),
(402,'Brande Baythrop'),
(403,'Nanci Salmoni'),
(404,'Padraig Axon'),
(405,'Sly Gother'),
(406,'Rea Mapes'),
(407,'Franny Leatherborrow'),
(408,'Antoni Skydall'),
(409,'Corty McCart'),
(410,'Irv Queripel'),
(411,'Teena Simionato'),
(412,'Darsey Bril'),
(413,'Ari Olland'),
(414,'Orland McMullen'),
(415,'Gloria Utting'),
(416,'Preston Olivia'),
(417,'Dew FitzAlan'),
(418,'Sonnnie Duffer'),
(419,'Candy Clementucci'),
(420,'Frants Quibell'),
(421,'Gracie McArthur'),
(422,'Elias Formigli'),
(423,'Sanderson Absolom'),
(424,'Amye Van Castele'),
(425,'Quill Klossek'),
(426,'Mary Hickford'),
(427,'Buddy Whightman'),
(428,'Nicolea Slayton'),
(429,'Angelique Canavan'),
(430,'Nigel Foskett'),
(431,'Sergent Gooderidge'),
(432,'Diane Tulk'),
(433,'Ambrosius Roskrug'),
(434,'Aimee MacGarrity'),
(435,'Margalo Cumes'),
(436,'Bendick Yakubov'),
(437,'Dacie Mc Pake'),
(438,'Fredia MacDiarmond'),
(439,'Milicent Taggart'),
(440,'Leonerd Alwin'),
(441,'Abigale Aviss'),
(442,'Gwendolyn Charrier'),
(443,'Sisely Woodison'),
(444,'Cathrine Roarty'),
(445,'Tressa Evins'),
(446,'Reece Brennand'),
(447,'Hattie Crumbie'),
(448,'Josie Sabben'),
(449,'Meredithe Batte'),
(450,'Lindsay Drakes'),
(451,'Luce Gostyke'),
(452,'Brok Mavin'),
(453,'Jewelle Landall'),
(454,'Gabriello Michelmore'),
(455,'Sonia MacBain'),
(456,'Krista Puddin'),
(457,'Rosalie Hubbins'),
(458,'Otho Amos'),
(459,'Hannis Pladen'),
(460,'Sofie Hedman'),
(461,'Dionisio Sugars'),
(462,'Solomon Smartman'),
(463,'Rori Mansbridge'),
(464,'Eve Hyett'),
(465,'Tuesday Josefs'),
(466,'Keefe Screwton'),
(467,'Elie Hillburn'),
(468,'Fredrika Feehely'),
(469,'Shara Sager'),
(470,'Emilia Redpath'),
(471,'Alyosha Sharples'),
(472,'Bryce Najara'),
(473,'Selig Curtin'),
(474,'Albie Vannet'),
(475,'Vasili Castelow'),
(476,'Even Rehm'),
(477,'Jon Feilden'),
(478,'Monika Eilhertsen'),
(479,'Sayer Pawfoot'),
(480,'Dacia Brownbridge'),
(481,'Loretta Hayle'),
(482,'Jelene Dansie'),
(483,'Julissa Connop'),
(484,'Aprilette Brewers'),
(485,'Tarrance Stranaghan'),
(486,'Colly Glassman'),
(487,'Valentina Bannard'),
(488,'Audrye Diggens'),
(489,'Tabbie Edmenson'),
(490,'Linnie Bowditch'),
(491,'Ethelred Lowdham'),
(492,'Gun Tonna'),
(493,'Debor Wedge'),
(494,'Dosi McDuall'),
(495,'Ezri Wastie'),
(496,'Quint Guerrazzi'),
(497,'Tony Middis'),
(498,'Steffen Cheetam'),
(499,'Adel Duffrie'),
(500,'Anderson Sedgemond'),
(501,'Berthe Sobieski'),
(502,'Jaquelin Clegg'),
(503,'Adelheid Loddy'),
(504,'Sonnie Lintot'),
(505,'Shepherd L\' Anglois'),
(506,'Marlo Lunt'),
(507,'Tillie Curness'),
(508,'Rabi Moodey'),
(509,'Ogden D\'Andrea'),
(510,'Sherman Jaan'),
(511,'Brewster Bilsborrow'),
(512,'Rosemaria Rean'),
(513,'Henry Haversum'),
(514,'Wendie Baser'),
(515,'Dwain Runham'),
(516,'Anica Cropton'),
(517,'Eddy Wathell'),
(518,'Walt Hillan'),
(519,'Leda Fidele'),
(520,'Kaia McCumskay'),
(521,'Torre Ellins'),
(522,'Giles O\' Dooley'),
(523,'Ashleigh Fright'),
(524,'Lita Tedstone'),
(525,'Lynde Andrejevic'),
(526,'Kaylil Skews'),
(527,'Rey Bartoszinski'),
(528,'Pet Safont'),
(529,'Francyne Di Biagi'),
(530,'Marian Mustard'),
(531,'Pincas Feyer'),
(532,'Laure Forsdicke'),
(533,'Graehme Roddie'),
(534,'Anna Milsom'),
(535,'Flossie De Blasiis'),
(536,'Berkie Cassidy'),
(537,'Kent Hauxby'),
(538,'Sollie Yurchishin'),
(539,'Rusty Siaskowski'),
(540,'De Kleinschmidt'),
(541,'Stephan Calles'),
(542,'Avis Woodham'),
(543,'Roanne Maciaszek'),
(544,'Glori St. John'),
(545,'Den Tingle'),
(546,'Cosette De Launde'),
(547,'Pia Brewett'),
(548,'Adorne O\'Caine'),
(549,'Minni Folke'),
(550,'Belva Berthelet'),
(551,'Cookie Scrowston'),
(552,'Harley Worswick'),
(553,'Giselle Tripcony'),
(554,'Ennis Reasce'),
(555,'Loreen McCrum'),
(556,'Conny Ivanshintsev'),
(557,'Bonnie Hoff'),
(558,'Tiena Orviss'),
(559,'Lorie Jopson'),
(560,'Jesse Pauli'),
(561,'Kalinda MacConneely'),
(562,'Laurella Moorwood'),
(563,'Nike Buttle'),
(564,'Ros Crimp'),
(565,'Rhodie Mingardi'),
(566,'Page Morgan'),
(567,'Adena Strover'),
(568,'Edgar Haslehurst'),
(569,'Fredia Racine'),
(570,'Tammi Sellers'),
(571,'Boyd Laidlaw'),
(572,'Prudence Monkeman'),
(573,'Sibylla Hubbard'),
(574,'Peggi Fine'),
(575,'Dexter Pyatt'),
(576,'Nikolia Baine'),
(577,'Verne Greader'),
(578,'Hallie Tomlinson'),
(579,'Meris Waistell'),
(580,'Veronika Hawk'),
(581,'Benita McCart'),
(582,'Joey Spire'),
(583,'Esme Borborough'),
(584,'Rollin Vakhonin'),
(585,'Tobiah Aspital'),
(586,'Farris Gabriel'),
(587,'Willa Harry'),
(588,'Gibb Worrell'),
(589,'Emilee Cabrara'),
(590,'Minnaminnie Booeln'),
(591,'Neils Sleicht'),
(592,'Freedman Desorts'),
(593,'Cynthy Leggat'),
(594,'Hew Reddie'),
(595,'Clayson Iaduccelli'),
(596,'Lonnie Brisard'),
(597,'Herby Stannering'),
(598,'Tiphanie Bernuzzi'),
(599,'Shanon Bemrose'),
(600,'Gibb Loges'),
(601,'Grannie Fancutt'),
(602,'Bancroft Darnbrook'),
(603,'Mae Hawksby'),
(604,'Abigael Trigwell'),
(605,'Evan Danovich'),
(606,'Sigismond Darwood'),
(607,'Sanderson Coughtrey'),
(608,'Roanna Chinnery'),
(609,'Kennan Lampens'),
(610,'Kenny Cuesta'),
(611,'Jarib Burkinshaw'),
(612,'Salome Renwick'),
(613,'Hobart Collumbine'),
(614,'Emeline Coffee'),
(615,'Ryun Onions'),
(616,'Germain Hacksby'),
(617,'Dianemarie Peasby'),
(618,'Jeniffer Reims'),
(619,'Elwira Beckerleg'),
(620,'Moore Brabban'),
(621,'Chester Grabert'),
(622,'Andonis Thunnerclef'),
(623,'Loren Lumsdall'),
(624,'Deane Aristide'),
(625,'Kandace Dabel'),
(626,'Sanderson Worcs'),
(627,'Adorne Abbiss'),
(628,'Karyn Quarless'),
(629,'Harald Breissan'),
(630,'Markus Lugg'),
(631,'Barnett Lantuffe'),
(632,'Lisa O\'Luney'),
(633,'Billie Barehead'),
(634,'Kippie MacBarron'),
(635,'Sybilla Reding'),
(636,'Demetri Allsepp'),
(637,'Greer Brenton'),
(638,'Tomkin Stirling'),
(639,'Chantal Gauson'),
(640,'Rad Mc Gee'),
(641,'Obidiah Makeswell'),
(642,'Elvira McChesney'),
(643,'Valentino Brothers'),
(644,'Hamel Wycherley'),
(645,'Rosalinda Crick'),
(646,'Israel Tuckwell'),
(647,'Nickie Avesque'),
(648,'Nanine Chazette'),
(649,'Beau Gianilli'),
(650,'Levi Kovalski'),
(651,'Loise Chaperlin'),
(652,'Milo Mapson'),
(653,'Salomi Chrestien'),
(654,'Betta Clinnick'),
(655,'Matthus Burehill'),
(656,'Laural Bligh'),
(657,'Jeanna Hawkridge'),
(658,'Gibby Brakespear'),
(659,'Krishnah Vowden'),
(660,'Herschel Elsop'),
(661,'Wallas Pitrollo'),
(662,'Farlee Schechter'),
(663,'Madelle Lamblin'),
(664,'Joy Burgon'),
(665,'Bengt Barts'),
(666,'Allie Maidlow'),
(667,'Valdemar Giveen'),
(668,'Bella Skamal'),
(669,'Dee Braundt'),
(670,'Elenore Sambrook'),
(671,'Niko Round'),
(672,'Patrice Sheerin'),
(673,'Adela Gawler'),
(674,'Erin Lynagh'),
(675,'Rosalia Izakoff'),
(676,'Coral Stanluck'),
(677,'Fabian Harburtson'),
(678,'Thane Maffini'),
(679,'Dyane MacCarroll'),
(680,'Rand McGibbon'),
(681,'Fionna Swigger'),
(682,'Bradly Marrow'),
(683,'Leroi Joynson'),
(684,'Vicky Duckit'),
(685,'Beulah Dytham'),
(686,'Free McInnerny'),
(687,'Ethelyn Hembling'),
(688,'Howie Baggallay'),
(689,'Suellen Cuolahan'),
(690,'Vivien Jindrich'),
(691,'Thorin Skehens'),
(692,'Imojean Shenfisch'),
(693,'Quint Daughtrey'),
(694,'Malinda Verdy'),
(695,'Martina O\'Teague'),
(696,'Tedie Sloyan'),
(697,'Fredra Hugonet'),
(698,'Genia Amott'),
(699,'Martin Readshall'),
(700,'Costa Pomphrey'),
(701,'Rowland Eble'),
(702,'Gale Shurrock'),
(703,'Alfy Given'),
(704,'Thatch Openshaw'),
(705,'Sunny Arnaut'),
(706,'Minnnie Allberry'),
(707,'Clementia Meachen'),
(708,'Jaquenette Race'),
(709,'Tirrell Story'),
(710,'Hilde Stops'),
(711,'Aland Bainbridge'),
(712,'Eartha Bough'),
(713,'Emilia Cadore'),
(714,'Alexis Ambler'),
(715,'Eulalie Livingstone'),
(716,'Rayner Stagg'),
(717,'Abby Fruchon'),
(718,'Annadiane Belvard'),
(719,'Cynde Morrant'),
(720,'Ancell Minchinden'),
(721,'Catherin Butson'),
(722,'Mandie Fairebrother'),
(723,'Lawry Sangar'),
(724,'Piggy Willgress'),
(725,'Aurelea Peetermann'),
(726,'Ede Boughtflower'),
(727,'Conrado Taks'),
(728,'Amargo Elden'),
(729,'Katalin Beddoe'),
(730,'Benson Hegg'),
(731,'Reggie Jouannin'),
(732,'Marna Patience'),
(733,'Lance Christophersen'),
(734,'Sebastiano Janoch'),
(735,'Elsey Fabler'),
(736,'Carolan Allaker'),
(737,'Cullan Gutowska'),
(738,'Abram Brasher'),
(739,'Corissa Clayson'),
(740,'Jarred Synder'),
(741,'Charin Predohl'),
(742,'Byrann Rizon'),
(743,'Mick Sullens'),
(744,'Cly Friman'),
(745,'Damita Bailiss'),
(746,'Hyatt Amori'),
(747,'Osmund Burnage'),
(748,'Bonnie Grotty'),
(749,'Querida Scoular'),
(750,'Rowland Ryhorovich'),
(751,'Jackqueline Munt'),
(752,'Josepha Moyes'),
(753,'Shea Drable'),
(754,'Robyn Harme'),
(755,'Addie Collington'),
(756,'Lamont Tissington'),
(757,'Morgan Clingan'),
(758,'Fiorenze Esslemont'),
(759,'Cart Yanshin'),
(760,'Francis Wilfling'),
(761,'Aimee Chicken'),
(762,'Brewer Cristofori'),
(763,'Hanny Vittet'),
(764,'Rusty Rackley'),
(765,'Simonette Tax'),
(766,'Lydie Maciaszek'),
(767,'Palmer Berthel'),
(768,'Ainsley Radolf'),
(769,'Lem Cicchetto'),
(770,'Jodie Durno'),
(771,'Sylvia Radoux'),
(772,'Giustina Vuitte'),
(773,'Joseito Cawdell'),
(774,'Deni Seint'),
(775,'Clevie Alesbrook'),
(776,'Warde Stonbridge'),
(777,'Annetta Eskriett'),
(778,'Vickie Thynn'),
(779,'Vito Ellerbeck'),
(780,'Brianne Yacob'),
(781,'Vi Tiron'),
(782,'Karlis Tander'),
(783,'Raymond Weiner'),
(784,'Aloysius Potell'),
(785,'Timothea Earngy'),
(786,'Nina Leas'),
(787,'Terrence Ramet'),
(788,'Naoma Cardow'),
(789,'Nessa Antonietti'),
(790,'Axel Pollington'),
(791,'Candice Medway'),
(792,'Arthur Pren'),
(793,'Alejoa Merrin'),
(794,'Doro Heisham'),
(795,'Reinwald Slader'),
(796,'Hewet Washbrook'),
(797,'Dedra Nassau'),
(798,'Orlando Edleston'),
(799,'Con Suttling'),
(800,'Sandro Sandry'),
(801,'Maurise Ditty'),
(802,'Lindy Glanester'),
(803,'Toby Shelsher'),
(804,'Ceil Houseman'),
(805,'Alysa Holmyard'),
(806,'Becca Saunter'),
(807,'Rollo Stredwick'),
(808,'Adriena Scarf'),
(809,'Bradney Dobbinson'),
(810,'Arte Lenahan'),
(811,'Enos Fielder'),
(812,'Cloe Doley'),
(813,'Cthrine Gommey'),
(814,'Drusie Wanek'),
(815,'Flossi Abramovici'),
(816,'Carilyn Currer'),
(817,'Malvina Thys'),
(818,'Huey Tolworthy'),
(819,'Amandi Simmon'),
(820,'Corly Plesing'),
(821,'Friederike Restill'),
(822,'Koressa Gooderham'),
(823,'Phil Waltering'),
(824,'Christopher Pughsley'),
(825,'Lynsey Chesshire'),
(826,'Ainslee Antonomolii'),
(827,'Jaine Studdeard'),
(828,'Maris Hugle'),
(829,'Dorothy Lune'),
(830,'Durand Smooth'),
(831,'Lucho Gleeton'),
(832,'Sibley Loton'),
(833,'Maud Philot'),
(834,'Husain Berard'),
(835,'Merna Oliff'),
(836,'Rutter Knight'),
(837,'Phylys Avison'),
(838,'Ranee Andreucci'),
(839,'Suzette Kinzel'),
(840,'Amber Carnduff'),
(841,'Cirilo Fairman'),
(842,'Hannie Donnel'),
(843,'Millard Dodle'),
(844,'Brigg Wanless'),
(845,'Petey Lavarack'),
(846,'Clemens Gheraldi'),
(847,'Luci Louth'),
(848,'Dorey Linggood'),
(849,'Bard Dalliston'),
(850,'Berrie Cleevely'),
(851,'Tobye Oxenham'),
(852,'Shirleen Chittie'),
(853,'Flem Dobbson'),
(854,'Tonye Humbey'),
(855,'Cozmo Laight'),
(856,'Lammond Byres'),
(857,'Graehme Whelpton'),
(858,'Sabina MacCafferty'),
(859,'Dyna Grummitt'),
(860,'Gregor Trudgeon'),
(861,'Obediah Haddacks'),
(862,'Rowen Kelling'),
(863,'Johny Hatcher'),
(864,'Lorrie Ivanovic'),
(865,'Mickie Gibbin'),
(866,'Deane Nuscha'),
(867,'Shela Furby'),
(868,'Sheena Patty'),
(869,'Lia Sharpley'),
(870,'Roby Ruberry'),
(871,'Shirline Pottberry'),
(872,'Dorree Duggan'),
(873,'Fayth Mellmer'),
(874,'Marthe Wayt'),
(875,'Ardelis Kalaher'),
(876,'Garey Karlsson'),
(877,'Melly Coade'),
(878,'Alicea Rudham'),
(879,'Svend Weatherup'),
(880,'Marline Donald'),
(881,'Ermentrude Ropcke'),
(882,'Rutger Hearst'),
(883,'Maible Giacobbo'),
(884,'Nealson Malloch'),
(885,'Donnajean Mc Ilwrick'),
(886,'De witt McCallister'),
(887,'Roy Veal'),
(888,'Lorine L\'Hommee'),
(889,'Yorke Mullally'),
(890,'Crosby Bratch'),
(891,'Tanitansy Rennison'),
(892,'Newton Bittany'),
(893,'Dareen Sacco'),
(894,'Estevan Maliffe'),
(895,'Sergio Doornbos'),
(896,'Chiarra Darch'),
(897,'Dacy Piecha'),
(898,'Clarita Imos'),
(899,'Aldon Silkston'),
(900,'Gracia Beste'),
(901,'King Kennedy'),
(902,'Cymbre Rylatt'),
(903,'Alexina Mantram'),
(904,'Kordula Oluwatoyin'),
(905,'Eba Matheson'),
(906,'Morris Rundle'),
(907,'Burt Camel'),
(908,'Jacquelin Pilipyak'),
(909,'Nigel Hadny'),
(910,'Morna Diplock'),
(911,'Stacie Ryley'),
(912,'Worthy Ninnoli'),
(913,'Mauricio Carus'),
(914,'Janka Danigel'),
(915,'Marlo Trengrove'),
(916,'Thorin Darch'),
(917,'Ira Schultz'),
(918,'Lisle Imorts'),
(919,'Agneta Rawlence'),
(920,'Tori Labdon'),
(921,'Bernetta Loyley'),
(922,'Robinetta Ericsson'),
(923,'Wiley Beach'),
(924,'Phillipe Mole'),
(925,'Dianna Gatrill'),
(926,'Jdavie Burnett'),
(927,'Maryl Billinge'),
(928,'Ali Wiggall'),
(929,'Dynah Tayler'),
(930,'Fifi Scholtz'),
(931,'Ilka Rate'),
(932,'Kacy Pear'),
(933,'Charissa Oxborrow'),
(934,'Farleigh Daniels'),
(935,'Reggis Haswell'),
(936,'Hansiain Carr'),
(937,'Chic Gorton'),
(938,'Dodie Marmion'),
(939,'Artair Dilworth'),
(940,'Starlin Wanklin'),
(941,'Ninnette Gabbotts'),
(942,'Tarah Ellery'),
(943,'Magdalene Peirson'),
(944,'Edgard Carlill'),
(945,'Freddie Backson'),
(946,'Hester McKnockiter'),
(947,'Lorne Chown'),
(948,'Stefanie Conklin'),
(949,'Tadio Allsopp'),
(950,'Alley Alexandrescu'),
(951,'Shanna Eynon'),
(952,'Giuditta Riglesford'),
(953,'Della Tweed'),
(954,'La verne Buckenhill'),
(955,'Kelly Soldner'),
(956,'Wandis Engeham'),
(957,'Sutherland Gabbatt'),
(958,'Bethena Gurwood'),
(959,'Grace Stitch'),
(960,'Pace Dimbylow'),
(961,'Denys Ralls'),
(962,'Elroy Elkington'),
(963,'Gayler Jeandot'),
(964,'Barr Luck'),
(965,'Rosalinde Metzig'),
(966,'Brande Loadwick'),
(967,'Dukey Kerman'),
(968,'Vivyanne Lapthorn'),
(969,'Rhoda Scotting'),
(970,'Heywood Ferreras'),
(971,'Tiffi Filipputti'),
(972,'Indira Ailmer'),
(973,'Armando Boxall'),
(974,'Esmaria Wyeth'),
(975,'Ethelbert Simoneschi'),
(976,'Doralin Simister'),
(977,'Sutherland Nielson'),
(978,'Iorgo Lidgard'),
(979,'Larine Simecek'),
(980,'Ignacius Conen'),
(981,'Cymbre De Cruz'),
(982,'Selby McSparran'),
(983,'Marla Chasmoor'),
(984,'Noak O\'Shiels'),
(985,'Hewet Boldero'),
(986,'Hortense Aldington'),
(987,'Myrta Goldie'),
(988,'Lauryn Seatter'),
(989,'Rodd Roggerone'),
(990,'Sibyl Grannell'),
(991,'Anissa Divine'),
(992,'Celka Walkey'),
(993,'Sheridan Melding'),
(994,'Ermengarde Dignall'),
(995,'Whit Gerrels'),
(996,'Elvera Shergill'),
(997,'Mitzi McCorry'),
(998,'Mohammed Frisch'),
(999,'Beulah Laurenceau'),
(1000,'Lek Harrild');

/*Table structure for table `personal_departamento` */

DROP TABLE IF EXISTS `personal_departamento`;

CREATE TABLE `personal_departamento` (
  `id_personal_departamento` int(11) NOT NULL AUTO_INCREMENT,
  `id_departamento` int(11) NOT NULL,
  `id_personal` int(11) NOT NULL,
  PRIMARY KEY (`id_personal_departamento`),
  KEY `id_personal` (`id_personal`),
  KEY `id_departamento` (`id_departamento`),
  CONSTRAINT `personal_departamento_ibfk_1` FOREIGN KEY (`id_personal`) REFERENCES `personal` (`id_personal`),
  CONSTRAINT `personal_departamento_ibfk_2` FOREIGN KEY (`id_departamento`) REFERENCES `departamentos` (`id_departamento`)
) ENGINE=InnoDB AUTO_INCREMENT=1001 DEFAULT CHARSET=utf8;

/*Data for the table `personal_departamento` */

insert  into `personal_departamento`(`id_personal_departamento`,`id_departamento`,`id_personal`) values 
(1,1,1),
(2,2,2),
(3,3,3),
(4,4,4),
(5,5,5),
(6,6,6),
(7,7,7),
(8,8,8),
(9,9,9),
(10,10,10),
(11,11,11),
(12,12,12),
(13,13,13),
(14,14,14),
(15,15,15),
(16,16,16),
(17,17,17),
(18,18,18),
(19,19,19),
(20,20,20),
(21,21,21),
(22,22,22),
(23,23,23),
(24,24,24),
(25,25,25),
(26,26,26),
(27,27,27),
(28,28,28),
(29,29,29),
(30,30,30),
(31,31,31),
(32,32,32),
(33,33,33),
(34,34,34),
(35,35,35),
(36,36,36),
(37,37,37),
(38,38,38),
(39,39,39),
(40,40,40),
(41,41,41),
(42,42,42),
(43,43,43),
(44,44,44),
(45,45,45),
(46,46,46),
(47,47,47),
(48,48,48),
(49,49,49),
(50,50,50),
(51,51,51),
(52,52,52),
(53,53,53),
(54,54,54),
(55,55,55),
(56,56,56),
(57,57,57),
(58,58,58),
(59,59,59),
(60,60,60),
(61,61,61),
(62,62,62),
(63,63,63),
(64,64,64),
(65,65,65),
(66,66,66),
(67,67,67),
(68,68,68),
(69,69,69),
(70,70,70),
(71,71,71),
(72,72,72),
(73,73,73),
(74,74,74),
(75,75,75),
(76,76,76),
(77,77,77),
(78,78,78),
(79,79,79),
(80,80,80),
(81,81,81),
(82,82,82),
(83,83,83),
(84,84,84),
(85,85,85),
(86,86,86),
(87,87,87),
(88,88,88),
(89,89,89),
(90,90,90),
(91,91,91),
(92,92,92),
(93,93,93),
(94,94,94),
(95,95,95),
(96,96,96),
(97,97,97),
(98,98,98),
(99,99,99),
(100,100,100),
(101,101,101),
(102,102,102),
(103,103,103),
(104,104,104),
(105,105,105),
(106,106,106),
(107,107,107),
(108,108,108),
(109,109,109),
(110,110,110),
(111,111,111),
(112,112,112),
(113,113,113),
(114,114,114),
(115,115,115),
(116,116,116),
(117,117,117),
(118,118,118),
(119,119,119),
(120,120,120),
(121,121,121),
(122,122,122),
(123,123,123),
(124,124,124),
(125,125,125),
(126,126,126),
(127,127,127),
(128,128,128),
(129,129,129),
(130,130,130),
(131,131,131),
(132,132,132),
(133,133,133),
(134,134,134),
(135,135,135),
(136,136,136),
(137,137,137),
(138,138,138),
(139,139,139),
(140,140,140),
(141,141,141),
(142,142,142),
(143,143,143),
(144,144,144),
(145,145,145),
(146,146,146),
(147,147,147),
(148,148,148),
(149,149,149),
(150,150,150),
(151,151,151),
(152,152,152),
(153,153,153),
(154,154,154),
(155,155,155),
(156,156,156),
(157,157,157),
(158,158,158),
(159,159,159),
(160,160,160),
(161,161,161),
(162,162,162),
(163,1,163),
(164,2,164),
(165,3,165),
(166,4,166),
(167,5,167),
(168,6,168),
(169,7,169),
(170,8,170),
(171,9,171),
(172,10,172),
(173,11,173),
(174,12,174),
(175,13,175),
(176,14,176),
(177,15,177),
(178,16,178),
(179,17,179),
(180,18,180),
(181,19,181),
(182,20,182),
(183,21,183),
(184,22,184),
(185,23,185),
(186,24,186),
(187,25,187),
(188,26,188),
(189,27,189),
(190,28,190),
(191,29,191),
(192,30,192),
(193,31,193),
(194,32,194),
(195,33,195),
(196,34,196),
(197,35,197),
(198,36,198),
(199,37,199),
(200,38,200),
(201,39,201),
(202,40,202),
(203,41,203),
(204,42,204),
(205,43,205),
(206,44,206),
(207,45,207),
(208,46,208),
(209,47,209),
(210,48,210),
(211,49,211),
(212,50,212),
(213,51,213),
(214,52,214),
(215,53,215),
(216,54,216),
(217,55,217),
(218,56,218),
(219,57,219),
(220,58,220),
(221,59,221),
(222,60,222),
(223,61,223),
(224,62,224),
(225,63,225),
(226,64,226),
(227,65,227),
(228,66,228),
(229,67,229),
(230,68,230),
(231,69,231),
(232,70,232),
(233,71,233),
(234,72,234),
(235,73,235),
(236,74,236),
(237,75,237),
(238,76,238),
(239,77,239),
(240,78,240),
(241,79,241),
(242,80,242),
(243,81,243),
(244,82,244),
(245,83,245),
(246,84,246),
(247,85,247),
(248,86,248),
(249,87,249),
(250,88,250),
(251,89,251),
(252,90,252),
(253,91,253),
(254,92,254),
(255,93,255),
(256,94,256),
(257,95,257),
(258,96,258),
(259,97,259),
(260,98,260),
(261,99,261),
(262,100,262),
(263,101,263),
(264,102,264),
(265,103,265),
(266,104,266),
(267,105,267),
(268,106,268),
(269,107,269),
(270,108,270),
(271,109,271),
(272,110,272),
(273,111,273),
(274,112,274),
(275,113,275),
(276,114,276),
(277,115,277),
(278,116,278),
(279,117,279),
(280,118,280),
(281,119,281),
(282,120,282),
(283,121,283),
(284,122,284),
(285,123,285),
(286,124,286),
(287,125,287),
(288,126,288),
(289,127,289),
(290,128,290),
(291,129,291),
(292,130,292),
(293,131,293),
(294,132,294),
(295,133,295),
(296,134,296),
(297,135,297),
(298,136,298),
(299,137,299),
(300,138,300),
(301,139,301),
(302,140,302),
(303,141,303),
(304,142,304),
(305,143,305),
(306,144,306),
(307,145,307),
(308,146,308),
(309,147,309),
(310,148,310),
(311,149,311),
(312,150,312),
(313,151,313),
(314,152,314),
(315,153,315),
(316,154,316),
(317,155,317),
(318,156,318),
(319,157,319),
(320,158,320),
(321,159,321),
(322,160,322),
(323,161,323),
(324,162,324),
(325,1,325),
(326,2,326),
(327,3,327),
(328,4,328),
(329,5,329),
(330,6,330),
(331,7,331),
(332,8,332),
(333,9,333),
(334,10,334),
(335,11,335),
(336,12,336),
(337,13,337),
(338,14,338),
(339,15,339),
(340,16,340),
(341,17,341),
(342,18,342),
(343,19,343),
(344,20,344),
(345,21,345),
(346,22,346),
(347,23,347),
(348,24,348),
(349,25,349),
(350,26,350),
(351,27,351),
(352,28,352),
(353,29,353),
(354,30,354),
(355,31,355),
(356,32,356),
(357,33,357),
(358,34,358),
(359,35,359),
(360,36,360),
(361,37,361),
(362,38,362),
(363,39,363),
(364,40,364),
(365,41,365),
(366,42,366),
(367,43,367),
(368,44,368),
(369,45,369),
(370,46,370),
(371,47,371),
(372,48,372),
(373,49,373),
(374,50,374),
(375,51,375),
(376,52,376),
(377,53,377),
(378,54,378),
(379,55,379),
(380,56,380),
(381,57,381),
(382,58,382),
(383,59,383),
(384,60,384),
(385,61,385),
(386,62,386),
(387,63,387),
(388,64,388),
(389,65,389),
(390,66,390),
(391,67,391),
(392,68,392),
(393,69,393),
(394,70,394),
(395,71,395),
(396,72,396),
(397,73,397),
(398,74,398),
(399,75,399),
(400,76,400),
(401,77,401),
(402,78,402),
(403,79,403),
(404,80,404),
(405,81,405),
(406,82,406),
(407,83,407),
(408,84,408),
(409,85,409),
(410,86,410),
(411,87,411),
(412,88,412),
(413,89,413),
(414,90,414),
(415,91,415),
(416,92,416),
(417,93,417),
(418,94,418),
(419,95,419),
(420,96,420),
(421,97,421),
(422,98,422),
(423,99,423),
(424,100,424),
(425,101,425),
(426,102,426),
(427,103,427),
(428,104,428),
(429,105,429),
(430,106,430),
(431,107,431),
(432,108,432),
(433,109,433),
(434,110,434),
(435,111,435),
(436,112,436),
(437,113,437),
(438,114,438),
(439,115,439),
(440,116,440),
(441,117,441),
(442,118,442),
(443,119,443),
(444,120,444),
(445,121,445),
(446,122,446),
(447,123,447),
(448,124,448),
(449,125,449),
(450,126,450),
(451,127,451),
(452,128,452),
(453,129,453),
(454,130,454),
(455,131,455),
(456,132,456),
(457,133,457),
(458,134,458),
(459,135,459),
(460,136,460),
(461,137,461),
(462,138,462),
(463,139,463),
(464,140,464),
(465,141,465),
(466,142,466),
(467,143,467),
(468,144,468),
(469,145,469),
(470,146,470),
(471,147,471),
(472,148,472),
(473,149,473),
(474,150,474),
(475,151,475),
(476,152,476),
(477,153,477),
(478,154,478),
(479,155,479),
(480,156,480),
(481,157,481),
(482,158,482),
(483,159,483),
(484,160,484),
(485,161,485),
(486,162,486),
(487,1,487),
(488,2,488),
(489,3,489),
(490,4,490),
(491,5,491),
(492,6,492),
(493,7,493),
(494,8,494),
(495,9,495),
(496,10,496),
(497,11,497),
(498,12,498),
(499,13,499),
(500,14,500),
(501,15,501),
(502,16,502),
(503,17,503),
(504,18,504),
(505,19,505),
(506,20,506),
(507,21,507),
(508,22,508),
(509,23,509),
(510,24,510),
(511,25,511),
(512,26,512),
(513,27,513),
(514,28,514),
(515,29,515),
(516,30,516),
(517,31,517),
(518,32,518),
(519,33,519),
(520,34,520),
(521,35,521),
(522,36,522),
(523,37,523),
(524,38,524),
(525,39,525),
(526,40,526),
(527,41,527),
(528,42,528),
(529,43,529),
(530,44,530),
(531,45,531),
(532,46,532),
(533,47,533),
(534,48,534),
(535,49,535),
(536,50,536),
(537,51,537),
(538,52,538),
(539,53,539),
(540,54,540),
(541,55,541),
(542,56,542),
(543,57,543),
(544,58,544),
(545,59,545),
(546,60,546),
(547,61,547),
(548,62,548),
(549,63,549),
(550,64,550),
(551,65,551),
(552,66,552),
(553,67,553),
(554,68,554),
(555,69,555),
(556,70,556),
(557,71,557),
(558,72,558),
(559,73,559),
(560,74,560),
(561,75,561),
(562,76,562),
(563,77,563),
(564,78,564),
(565,79,565),
(566,80,566),
(567,81,567),
(568,82,568),
(569,83,569),
(570,84,570),
(571,85,571),
(572,86,572),
(573,87,573),
(574,88,574),
(575,89,575),
(576,90,576),
(577,91,577),
(578,92,578),
(579,93,579),
(580,94,580),
(581,95,581),
(582,96,582),
(583,97,583),
(584,98,584),
(585,99,585),
(586,100,586),
(587,101,587),
(588,102,588),
(589,103,589),
(590,104,590),
(591,105,591),
(592,106,592),
(593,107,593),
(594,108,594),
(595,109,595),
(596,110,596),
(597,111,597),
(598,112,598),
(599,113,599),
(600,114,600),
(601,115,601),
(602,116,602),
(603,117,603),
(604,118,604),
(605,119,605),
(606,120,606),
(607,121,607),
(608,122,608),
(609,123,609),
(610,124,610),
(611,125,611),
(612,126,612),
(613,127,613),
(614,128,614),
(615,129,615),
(616,130,616),
(617,131,617),
(618,132,618),
(619,133,619),
(620,134,620),
(621,135,621),
(622,136,622),
(623,137,623),
(624,138,624),
(625,139,625),
(626,140,626),
(627,141,627),
(628,142,628),
(629,143,629),
(630,144,630),
(631,145,631),
(632,146,632),
(633,147,633),
(634,148,634),
(635,149,635),
(636,150,636),
(637,151,637),
(638,152,638),
(639,153,639),
(640,154,640),
(641,155,641),
(642,156,642),
(643,157,643),
(644,158,644),
(645,159,645),
(646,160,646),
(647,161,647),
(648,162,648),
(649,1,649),
(650,2,650),
(651,3,651),
(652,4,652),
(653,5,653),
(654,6,654),
(655,7,655),
(656,8,656),
(657,9,657),
(658,10,658),
(659,11,659),
(660,12,660),
(661,13,661),
(662,14,662),
(663,15,663),
(664,16,664),
(665,17,665),
(666,18,666),
(667,19,667),
(668,20,668),
(669,21,669),
(670,22,670),
(671,23,671),
(672,24,672),
(673,25,673),
(674,26,674),
(675,27,675),
(676,28,676),
(677,29,677),
(678,30,678),
(679,31,679),
(680,32,680),
(681,33,681),
(682,34,682),
(683,35,683),
(684,36,684),
(685,37,685),
(686,38,686),
(687,39,687),
(688,40,688),
(689,41,689),
(690,42,690),
(691,43,691),
(692,44,692),
(693,45,693),
(694,46,694),
(695,47,695),
(696,48,696),
(697,49,697),
(698,50,698),
(699,51,699),
(700,52,700),
(701,53,701),
(702,54,702),
(703,55,703),
(704,56,704),
(705,57,705),
(706,58,706),
(707,59,707),
(708,60,708),
(709,61,709),
(710,62,710),
(711,63,711),
(712,64,712),
(713,65,713),
(714,66,714),
(715,67,715),
(716,68,716),
(717,69,717),
(718,70,718),
(719,71,719),
(720,72,720),
(721,73,721),
(722,74,722),
(723,75,723),
(724,76,724),
(725,77,725),
(726,78,726),
(727,79,727),
(728,80,728),
(729,81,729),
(730,82,730),
(731,83,731),
(732,84,732),
(733,85,733),
(734,86,734),
(735,87,735),
(736,88,736),
(737,89,737),
(738,90,738),
(739,91,739),
(740,92,740),
(741,93,741),
(742,94,742),
(743,95,743),
(744,96,744),
(745,97,745),
(746,98,746),
(747,99,747),
(748,100,748),
(749,101,749),
(750,102,750),
(751,103,751),
(752,104,752),
(753,105,753),
(754,106,754),
(755,107,755),
(756,108,756),
(757,109,757),
(758,110,758),
(759,111,759),
(760,112,760),
(761,113,761),
(762,114,762),
(763,115,763),
(764,116,764),
(765,117,765),
(766,118,766),
(767,119,767),
(768,120,768),
(769,121,769),
(770,122,770),
(771,123,771),
(772,124,772),
(773,125,773),
(774,126,774),
(775,127,775),
(776,128,776),
(777,129,777),
(778,130,778),
(779,131,779),
(780,132,780),
(781,133,781),
(782,134,782),
(783,135,783),
(784,136,784),
(785,137,785),
(786,138,786),
(787,139,787),
(788,140,788),
(789,141,789),
(790,142,790),
(791,143,791),
(792,144,792),
(793,145,793),
(794,146,794),
(795,147,795),
(796,148,796),
(797,149,797),
(798,150,798),
(799,151,799),
(800,152,800),
(801,153,801),
(802,154,802),
(803,155,803),
(804,156,804),
(805,157,805),
(806,158,806),
(807,159,807),
(808,160,808),
(809,161,809),
(810,162,810),
(811,1,811),
(812,2,812),
(813,3,813),
(814,4,814),
(815,5,815),
(816,6,816),
(817,7,817),
(818,8,818),
(819,9,819),
(820,10,820),
(821,11,821),
(822,12,822),
(823,13,823),
(824,14,824),
(825,15,825),
(826,16,826),
(827,17,827),
(828,18,828),
(829,19,829),
(830,20,830),
(831,21,831),
(832,22,832),
(833,23,833),
(834,24,834),
(835,25,835),
(836,26,836),
(837,27,837),
(838,28,838),
(839,29,839),
(840,30,840),
(841,31,841),
(842,32,842),
(843,33,843),
(844,34,844),
(845,35,845),
(846,36,846),
(847,37,847),
(848,38,848),
(849,39,849),
(850,40,850),
(851,41,851),
(852,42,852),
(853,43,853),
(854,44,854),
(855,45,855),
(856,46,856),
(857,47,857),
(858,48,858),
(859,49,859),
(860,50,860),
(861,51,861),
(862,52,862),
(863,53,863),
(864,54,864),
(865,55,865),
(866,56,866),
(867,57,867),
(868,58,868),
(869,59,869),
(870,60,870),
(871,61,871),
(872,62,872),
(873,63,873),
(874,64,874),
(875,65,875),
(876,66,876),
(877,67,877),
(878,68,878),
(879,69,879),
(880,70,880),
(881,71,881),
(882,72,882),
(883,73,883),
(884,74,884),
(885,75,885),
(886,76,886),
(887,77,887),
(888,78,888),
(889,79,889),
(890,80,890),
(891,81,891),
(892,82,892),
(893,83,893),
(894,84,894),
(895,85,895),
(896,86,896),
(897,87,897),
(898,88,898),
(899,89,899),
(900,90,900),
(901,91,901),
(902,92,902),
(903,93,903),
(904,94,904),
(905,95,905),
(906,96,906),
(907,97,907),
(908,98,908),
(909,99,909),
(910,100,910),
(911,101,911),
(912,102,912),
(913,103,913),
(914,104,914),
(915,105,915),
(916,106,916),
(917,107,917),
(918,108,918),
(919,109,919),
(920,110,920),
(921,111,921),
(922,112,922),
(923,113,923),
(924,114,924),
(925,115,925),
(926,116,926),
(927,117,927),
(928,118,928),
(929,119,929),
(930,120,930),
(931,121,931),
(932,122,932),
(933,123,933),
(934,124,934),
(935,125,935),
(936,126,936),
(937,127,937),
(938,128,938),
(939,129,939),
(940,130,940),
(941,131,941),
(942,132,942),
(943,133,943),
(944,134,944),
(945,135,945),
(946,136,946),
(947,137,947),
(948,138,948),
(949,139,949),
(950,140,950),
(951,141,951),
(952,142,952),
(953,143,953),
(954,144,954),
(955,145,955),
(956,146,956),
(957,147,957),
(958,148,958),
(959,149,959),
(960,150,960),
(961,151,961),
(962,152,962),
(963,153,963),
(964,154,964),
(965,155,965),
(966,156,966),
(967,157,967),
(968,158,968),
(969,159,969),
(970,160,970),
(971,161,971),
(972,162,972),
(973,1,973),
(974,2,974),
(975,3,975),
(976,4,976),
(977,5,977),
(978,6,978),
(979,7,979),
(980,8,980),
(981,9,981),
(982,10,982),
(983,11,983),
(984,12,984),
(985,13,985),
(986,14,986),
(987,15,987),
(988,16,988),
(989,17,989),
(990,18,990),
(991,19,991),
(992,20,992),
(993,21,993),
(994,22,994),
(995,23,995),
(996,24,996),
(997,25,997),
(998,26,998),
(999,27,999),
(1000,28,1000);

/*Table structure for table `sucursales` */

DROP TABLE IF EXISTS `sucursales`;

CREATE TABLE `sucursales` (
  `id_sucursales` int(11) DEFAULT NULL,
  `id_ciudad_sucursal` int(11) DEFAULT NULL,
  `id_cliente` int(11) DEFAULT NULL,
  `nombre_encargado` varchar(255) DEFAULT NULL,
  `numero_contacto` double DEFAULT NULL,
  `direccion` varchar(255) DEFAULT NULL,
  KEY `id_ciudad_sucursal` (`id_ciudad_sucursal`),
  KEY `id_cliente` (`id_cliente`),
  CONSTRAINT `sucursales_ibfk_1` FOREIGN KEY (`id_ciudad_sucursal`) REFERENCES `ciudad_sucursal` (`id_ciudad_sucursal`),
  CONSTRAINT `sucursales_ibfk_2` FOREIGN KEY (`id_cliente`) REFERENCES `cliente` (`id_cliente`)
) ENGINE=InnoDB DEFAULT CHARSET=utf8;

/*Data for the table `sucursales` */

insert  into `sucursales`(`id_sucursales`,`id_ciudad_sucursal`,`id_cliente`,`nombre_encargado`,`numero_contacto`,`direccion`) values 
(1,1,1,'Harriet Poyser',888850884,'Aguachica, Cesar'),
(2,2,2,'Egon Chisholm',2101009074,'Arcabuco, Boyacá'),
(3,3,3,'Jourdan Berzen',1826705089,'Armenia, Quindío'),
(4,4,4,'Kordula Leamy',2631449077,'Barbosa, Antioquia'),
(5,5,135,'Ellary Grent',1510446940,'Barrancabermeja, Santander'),
(6,6,6,'Jada Lippi',613671262,'Barranquilla, Atlántico'),
(7,7,7,'Hermann Chezier',2165114016,'Bello, Antioquia'),
(8,8,8,'Herve Arnely',2705841389,'Bogotá D.C., Bogotá D.C'),
(9,9,9,'Lenna Smalley',610505960,'Bucaramanga, Santander'),
(10,10,10,'Wenona Matias',1707565160,'Buenavista, Quindío'),
(11,11,812,'Kacy Cottee',302440270,'Cajicá, Cundinamarca'),
(12,12,12,'Dante Price',2923116109,'Caldas, Antioquia'),
(13,13,131,'Vlad Hanscombe',1004805146,'Cali, Valle del Cauca'),
(14,14,14,'Lin Diamant',2006622102,'Cartagena, Bolivar'),
(15,15,15,'Noak Sefton',1805185973,'Chía, Cundinamarca'),
(16,16,16,'Andrea Loveredge',2626476154,'Chocontá, Cundinamarca'),
(17,17,17,'Barbara Adamson',2369191769,'Copacabana, Antioquia'),
(18,18,345,'Lusa Hawford',1801432356,'Cota, Cundinamarca'),
(19,19,345,'Fanchette Grinyakin',2984429199,'Envigado, Antioquia'),
(20,20,347,'Madelina Syne',2315087385,'Funza, Cundinamarca'),
(21,21,348,'Misha Blaisdell',2298724084,'Gachantivá, Boyacá'),
(22,22,349,'Yorke Colgrave',204399737,'Girardota, Antioquia'),
(23,23,350,'Adelaida Moar',2503758576,'Guachetá, Cundinamarca'),
(24,24,351,'Georgetta Manoch',1461625331,'Ibagué, Tolima'),
(25,25,352,'Robyn Castiglio',504526578,'Itagüí, Antioquia'),
(26,26,353,'Abbie Spratley',438520467,'La Calera, Cundinamarca'),
(27,27,354,'Otto Keedwell',1254416376,'La Estrella, Antioquia'),
(28,28,355,'Freedman Cadell',2522902012,'Lenguazaque, Cundinamarca'),
(29,29,356,'Brenda Spelman',2957141256,'Leticia, Amazonas'),
(30,30,357,'Nancey Cecchetelli',2747688352,'Manizales, Caldas'),
(31,31,358,'Daffi Strand',2647355476,'Medellín, Antioquia'),
(32,32,283,'Leighton Keneleyside',1130337169,'Mitú, Vaupés'),
(33,33,284,'Harriott MacBarron',426032148,'Mocoa, Putumayo'),
(34,34,285,'Jayme Kevane',451052299,'Montería, Córdoba'),
(35,35,286,'Georgy Clampett',1866944987,'Mosquera, Cundinamarca'),
(36,36,287,'Kelila Upham',506872761,'Neiva, Huila'),
(37,37,288,'Auguste Ellor',1037148183,'Palmira, Valle del Cauca'),
(38,38,289,'Zea Rontsch',408980612,'Pereira, Risaralda'),
(39,39,290,'Travus Hartin',1396674652,'Pijao, Quindío'),
(40,40,291,'Gav Samwaye',730030509,'Pitalito, Huila'),
(41,41,292,'Estevan Dahmke',163436823,'Sabaneta, Antioquia'),
(42,42,293,'Lindsey Gaitley',2116403799,'Sáchica, Boyacá'),
(43,43,294,'Wylma Napier',766905825,'Salento, Quindío'),
(44,44,295,'Graham De Vaux',2856254658,'Santa Marta, Magdalena'),
(45,45,296,'Wilfred Ramlot',3038654946,'Santa Marta - Bonda, Magdalena'),
(46,46,297,'Kasey Ginnety',54520743,'Santa Marta - Gaira, Magdalena'),
(47,47,298,'Packston Castillo',1896905051,'Santa Sofía, Boyacá'),
(48,48,299,'Penny Gomm',2938742809,'Soacha, Cundinamarca'),
(49,49,120,'Costa Joriot',2140537445,'Soledad, Atlántico'),
(50,50,121,'Rosie Mc Pake',1099932545,'Suesca, Cundinamarca'),
(51,51,122,'Johny Greenhalf',1715003255,'Sutamarchán, Boyacá'),
(52,52,123,'Chantalle Mathevon',789601901,'Tuluá, Valle del Cauca'),
(53,53,124,'Michal Gooda',2811725239,'Tunja, Boyacá'),
(54,54,125,'Rana Wadly',2999992303,'Ubaté, Cundinamarca'),
(55,55,126,'Christoforo Cavalier',1844680740,'Valledupar, Cesar'),
(56,56,127,'Sydel Follett',2750723881,'Villa De Leyva, Boyacá'),
(57,57,128,'Aurelie Tearny',580024291,'Villamaría, Caldas'),
(58,58,20,'Mariel Batt',1336355790,'Villavicencio, Meta'),
(59,59,21,'Gerard Byneth',1214312729,'Yumbo, Valle del Cauca'),
(60,60,22,'Konrad Brugman',2370105108,'Zipaquirá, Cundinamarca'),
(61,61,23,'Waylon Nequest',2178178728,' Balbastro 770, Buenos Aires'),
(62,62,24,'Frederich Eddins',337156655,' Almirante Grau 221, La Paz, Bolivia'),
(63,63,25,'Brit Allan',2287935757,' Santa Maria 2670, Providencia, Santiago  '),
(64,64,26,'Vilhelmina Hedditeh',389322053,' Carrera 11 #95 - 37, Bogotá'),
(65,65,27,'Morganne O\'Keefe',212151624,'avenida amazonas, quito'),
(66,66,28,'Burke Jammet',2147498846,'Calle Puentezuelas, 55, Granada, España'),
(67,67,29,'Gustavo Davydkov',2201962940,' 6A Avenida 6-27, Guatemala'),
(68,68,30,'Aldin Kinchin',541800823,'Londres 247, Del Carmen, Ciudad de México'),
(69,69,31,'Paco Huster',579988671,'Calle La Mascota 923b, San Salvador, El Salvador'),
(70,70,32,'Durante Casaro',1857924584,' Rafael Pastoriza 1323, Montevideo, Uruguay'),
(71,71,33,'Maddie Unger',1316052816,'Lautaro N° 1171, Temuco.'),
(72,72,34,'Ambros Janicki',1826065102,'COL. EX-NORMAL TUXTEPEC'),
(73,73,49,'Goldina McKinnon',719464400,'AV. INDEPENDENCIA NO. 241'),
(74,74,50,'Egor Seward',1050142044,'AV. INDEPENDENCIA NO. 779'),
(75,75,51,'Pattin Rugiero',2712736864,'AV. 20 DE NOVIEMBRE NO.1024'),
(76,76,52,'Darnall Finlater',1881539062,'CARRETERA A LOMA ALTA S/N.'),
(77,77,53,'Caresa Theunissen',2320522723,'AV. 20 DE NOVIEMBRE NO. 1060'),
(78,78,54,'Otho Cow',628248638,'CALLE ZARAGOZA NO. 1010'),
(79,79,55,'Diena Corthes',2291751995,'CALLE MATAMOROS NO. 310'),
(80,80,56,'Bryant Bolstridge',36631816,'AV. 20 DE NOVIEMBRE NO.859-B'),
(81,81,57,'Colene Osmon',2069540422,'AV. 20 DE NOVIEMBRE NO 1053'),
(82,82,58,'Jodee Swainston',939693627,'BLVD. BENITO JUAREZ NO. 1466-A'),
(83,83,59,'Lorens Babe',2899944915,'CALLE MATAMOROS NO.280'),
(84,84,25,'Arlyne Griffith',2259435327,'AV. INDEPENDENCIA NO. 545'),
(85,85,61,'Muffin Lennie',2943914935,'AV. INDEPENDENCIA NO. 1282-A'),
(86,86,62,'Josephine Piell',661046229,'CALLE MATAMOROS NO. 127'),
(87,87,25,'Fritz Wasling',3036693504,'AV.INDEPENDENCIA NO.1010'),
(88,88,789,'Madonna Bamlett',237845416,'AV. 5 DE MAYO NO. 1652'),
(89,89,790,'Thorvald Staddart',1915968073,'Miraflores N° 50, Santiago'),
(90,90,5,'Rakel Lamplough',2205028935,'Calle 27 d sur # 27 c 51'),
(91,91,792,'Cherise Bauduin',1536735715,'Diagonal 40 # 41 61'),
(92,92,1,'Tadd Skipper',1089960032,'KR 23 # 35 - 48'),
(93,93,794,'Alanson Dinse',726476164,'CALLE 35 # 33-09'),
(94,94,795,'Aryn Coolbear',1455989171,'Carrera 53 # 70 - 86'),
(95,95,796,'Erina Longbone',1715477612,'AC 13 # 21 - 91'),
(96,96,1,'Ailina Dewhirst',366059598,'avenida carrera 19 # 127 d -55'),
(97,97,798,'Sheba Dell Casa',1633090942,'Avenida el dorado # 68D - 35'),
(98,98,799,'Ardelia Kemm',1906350119,'TRANSVERSAL 78 I BIS # 41 A 16 SUR'),
(99,99,800,'Madelin Camock',244161019,'AV 6 A # 20 NORTE - 20'),
(100,100,801,'Alan Dufaur',765246064,'Circular 76 # 39b 80');

/*Table structure for table `tipo_identificacion` */

DROP TABLE IF EXISTS `tipo_identificacion`;

CREATE TABLE `tipo_identificacion` (
  `id_tipo_identificacion` int(11) NOT NULL AUTO_INCREMENT,
  `descripcion` varchar(50) NOT NULL,
  PRIMARY KEY (`id_tipo_identificacion`)
) ENGINE=InnoDB AUTO_INCREMENT=4 DEFAULT CHARSET=utf8;

/*Data for the table `tipo_identificacion` */

insert  into `tipo_identificacion`(`id_tipo_identificacion`,`descripcion`) values 
(1,'nit'),
(2,'cedula');

/*!40101 SET SQL_MODE=@OLD_SQL_MODE */;
/*!40014 SET FOREIGN_KEY_CHECKS=@OLD_FOREIGN_KEY_CHECKS */;
/*!40014 SET UNIQUE_CHECKS=@OLD_UNIQUE_CHECKS */;
/*!40111 SET SQL_NOTES=@OLD_SQL_NOTES */;
